record_id,feature_id,llm_inference,llm_rationale
6d90a171-0bd9-4661-857c-94186a20c511,4f7e5594-988c-42d5-9d44-555ac49160ff,Household,"Text: Paper Plane Design Framed Wall Hanging Motivational Office Decor Art Prints (8.7 X 8.7 inch) - Set of 4 Painting made up in synthetic frame with uv textured print which gives multi effects and attracts towards it. This is an special series of paintings which makes your wall very beautiful and gives a royal touch. This painting is ready to hang, you would be proud to possess this unique painting that is a niche apart. We use only the most modern and efficient printing technology on our prints, with only the and inks and precision epson, roland and hp printers. This innovative hd printing technique results in durable and spectacular looking prints of the highest that last a lifetime. We print solely with top-notch 100% inks, to achieve brilliant and true colours. Due to their high level of uv resistance, our prints retain their beautiful colours for many years. Add colour and style to your living space with this digitally printed painting. Some are for pleasure and some for eternal bliss.so bring home this elegant print that is lushed with rich colors that makes it nothing but sheer elegance to be to your friends and family.it would be treasured forever by whoever your lucky recipient is. Liven up your place with these intriguing paintings that are high definition hd graphic digital prints for home, office or any room.
Reasoning: Let's think step by step in order to ${produce the llm_inference}. We see that the text describes a product that is a ""framed wall hanging"" and is ""ready to hang"". This suggests that the product is a piece of art, which is typically classified as 'Household'."
f5a4a397-a79d-4bb1-b2e7-d1c881744ab6,4f7e5594-988c-42d5-9d44-555ac49160ff,Household,"Reasoning: Let's think step by step in order to ${produce the llm_inference}. We see the text mentions ""Framed Painting"", ""UV textured print"", ""synthetic frame"", and ""wall"". These keywords strongly suggest the product is a decorative item for the home."
512918c0-b19a-476d-9fb9-c8f44f90d7c1,4f7e5594-988c-42d5-9d44-555ac49160ff,Household,"Reasoning: Let's think step by step in order to ${produce the llm_inference}. We see that the text describes a ""painting with frame"" and mentions ""arts have been in trend for quite some time now"". This suggests that the product is a piece of art."
472edb4c-6445-4b19-b4e2-74e3120bd207,4f7e5594-988c-42d5-9d44-555ac49160ff,Household,"Reasoning: Let's think step by step in order to ${produce the llm_inference}. We see the text mentions ""painting"", ""frame"", ""art"", ""decor"", and ""gift"". These keywords strongly suggest the product is a piece of art."
65e72fda-b994-47be-a0e2-7c7860c27a30,4f7e5594-988c-42d5-9d44-555ac49160ff,Household,"Reasoning: Let's think step by step in order to ${produce the llm_inference}. We see that the text describes a personalized wooden plaque with the option to upload a photo and add text. This suggests it's a gift item. The text also mentions ""home decoration"" and ""wall hanging,"" further indicating it's a decorative item for the home."
a0583c65-0377-4456-890e-b575580fe665,4f7e5594-988c-42d5-9d44-555ac49160ff,Household,"Reasoning: Let's think step by step in order to ${produce the llm_inference}. We see that the text describes a product with features like ""canvas painting"", ""MDF frame"", ""digital printed artwork"", ""wall art panel"", ""home decor"", ""living room"", ""dining room"", ""bathroom"", ""gallery"", ""hotels"", ""restaurants"", ""office"". These keywords strongly suggest that the product is a piece of art intended for home or office decoration."
3d3ba7c3-12cd-442e-829e-9f7b4c5ae2db,4f7e5594-988c-42d5-9d44-555ac49160ff,Household,"Reasoning: Let's think step by step in order to ${produce the llm_inference}. We see that the text describes a product that is a ""Canvas Painting"" and mentions ""wall art"". This suggests that the product is a piece of art for home decoration."
ecbe7c16-ac73-4fda-8849-7e33d0aa61be,4f7e5594-988c-42d5-9d44-555ac49160ff,Household,"Reasoning: Let's think step by step in order to ${produce the llm_inference}. We see that the text describes a product with features like ""canvas painting"", ""MDF frame"", ""digital printed artwork"", ""wall art panel"", ""home decor"", ""living room"", ""dining room"", ""bathroom"", ""gallery"", ""hotels"", ""restaurants"", ""office"". These keywords strongly suggest that the product is a piece of art intended for home or office decoration."
f77db93b-480e-4a95-99d6-11b4273e65e9,4f7e5594-988c-42d5-9d44-555ac49160ff,Household,"Text: SAF 'Ganesh Modern Art Print' Painting (Synthetic, 35 cm x 50 cm x 2 cm, Set of 3) Color:Multicolor Overview a beautiful painting involves the action or skill of using paint in the right manner; hence, the end product will be a picture that can speak a thousand words they say. Arts have been in trend for quite some time now. It can give different viewer different meanings style and design the SAF wood matte abstract painting with frame is quite abstract and mysteriously beautiful. The painting has a nice frame to it. You can gift this to a family or a friend. The painting has various forms of certain figures on it as seen in the image. You can add a good set of lights to the place where the painting is and the decor will give a different feel and look to the place. Quality and durability the painting has a matte finish and includes a good quality frame and will last for a long period. However, it does not include glass along with the frame. Specifications you can purchase SAF wood matte abstract painting with frame on amazon.in. It is the most customer-friendly platform with a wide range of products to choose from, and shopping is just a click away!
Reasoning: Let's think step by step in order to ${produce the llm_inference}. We are given a description of a product that is a painting. Paintings are considered art and art is typically displayed in homes."
78de3de6-288f-425f-9c84-9d31c2c6b58a,4f7e5594-988c-42d5-9d44-555ac49160ff,Household,"Reasoning: Let's think step by step in order to ${produce the llm_inference}. We see the text mentions ""framed painting"", ""home decoration"", and ""office walls"". This suggests the product is related to home decor."
a24a91cd-61d8-4978-a511-69d384bb9431,4f7e5594-988c-42d5-9d44-555ac49160ff,Household,"Reasoning: Let's think step by step in order to ${produce the llm_inference}. We see the text mentions ""painting"", ""framed art print"", ""canvas"", and ""ready to hang"". These are all terms associated with artwork."
6bbb8baa-e1c5-4c51-8c58-f5cc51368090,4f7e5594-988c-42d5-9d44-555ac49160ff,Household,"Reasoning: Let's think step by step in order to ${produce the llm_inference}. We see that the text describes a product that is a ""Canvas Painting"" and mentions ""wall art"". This suggests that the product is a piece of art for home decoration."
eaa87b90-53b1-4bc6-bcdc-778acff5a700,4f7e5594-988c-42d5-9d44-555ac49160ff,Household,"Reasoning: Let's think step by step in order to ${produce the llm_inference}. We see that the text describes a product with features like ""canvas painting"", ""MDF frame"", ""digital printed artwork"", ""wall art panel"", and ""home decor"". These keywords strongly suggest that the product is a piece of art intended for home decoration."
9d575175-3198-4c19-900a-aadeb54d8eeb,4f7e5594-988c-42d5-9d44-555ac49160ff,Household,"Reasoning: Let's think step by step in order to ${produce the llm_inference}. We see the text mentions ""framed poster"", ""vintage car"", ""decor freaks"", and ""hang on your favourite wall"". These keywords suggest the product is related to home decoration."
28c890b6-9138-490c-8dec-b0e76f710da9,4f7e5594-988c-42d5-9d44-555ac49160ff,Household,"Reasoning: Let's think step-by-step in order to ${produce the llm_inference}. We see the text mentions ""Art Painting"" which is a decorative item typically found in homes."
ebfcccc5-9b25-445f-b719-bf7ac935d626,4f7e5594-988c-42d5-9d44-555ac49160ff,Household,"Reasoning: Let's think step by step in order to ${produce the llm_inference}. We see that the text describes a product that is a ""canvas painting"" and mentions details like ""digital print"", ""polyester cotton canvas fabric"", and ""oil based inks"". These details suggest that the product is a piece of art, specifically a painting."
c638b5ff-c950-47a3-b1aa-3ce28a1c259b,4f7e5594-988c-42d5-9d44-555ac49160ff,Household,"Reasoning: Let's think step by step in order to ${produce the llm_inference}. We see the text mentions ""painting"", ""frame"", ""art"", ""decor"", and ""gift"". These keywords strongly suggest the product is a piece of art."
0a537d12-e8cf-4d01-b88d-6be69effc092,4f7e5594-988c-42d5-9d44-555ac49160ff,Household,"Reasoning: Let's think step by step in order to ${produce the llm_inference}. We see that the text mentions ""posters"" and ""wall art"", which are typically found in homes or offices. The text also mentions ""framing"", which is a common practice for posters."
30c69113-2a40-48ef-b9fd-a7d29b9afac3,4f7e5594-988c-42d5-9d44-555ac49160ff,Household,"Reasoning: Let's think step by step in order to ${produce the llm_inference}. We see the text mentions ""Art Prints"", ""Canvas Wall Art"", ""Unframed Canvas Art Print"", ""Gicl√©e art"", ""Living, Drawing & Dining Room, Gallery, Hotels, Bar, Lounge, Restaurants, Office, Reception, Kitchen Area, Bathroom"". These keywords strongly suggest the product is related to art and home decor."
3b77c229-63a0-4fd7-9ae9-f5589eb497bd,4f7e5594-988c-42d5-9d44-555ac49160ff,Household,"Reasoning: Let's think step by step in order to ${produce the llm_inference}. We see that the text describes a product called ""Dancing Village Girls"" which is a canvas wall art print. This indicates that the product is a piece of art."
dbca13d7-94a3-4925-84ed-ed1e50f50d7a,4f7e5594-988c-42d5-9d44-555ac49160ff,Household,"Reasoning: Let's think step by step in order to ${produce the llm_inference}. We see the text describes a ""painting with frame"" and mentions ""arts have been in trend for quite some time now"". This suggests the product is a piece of art."
b3a125c4-7472-4dcd-99dd-66558859a0eb,4f7e5594-988c-42d5-9d44-555ac49160ff,Household,"Reasoning: Let's think step by step in order to ${produce the llm_inference}. We see the text mentions ""Framed Painting"", ""UV textured print"", ""synthetic frame"", and ""wall"". These keywords strongly suggest the product is a decorative item for the home."
a9aa5225-3f14-4e20-babc-3953273e9396,4f7e5594-988c-42d5-9d44-555ac49160ff,Household,"Reasoning: Let's think step by step in order to ${produce the llm_inference}. We see that the text describes a personalized wooden plaque with the option to upload a photo and add text. This suggests it's a gift item. The text also mentions ""home decoration"" and ""wall hanging,"" further indicating it's a decorative item for the home."
a266e6e2-0f5d-43c9-a470-e5456e0fde82,4f7e5594-988c-42d5-9d44-555ac49160ff,Household,"Reasoning: Let's think step by step in order to ${produce the llm_inference}. We see that the text mentions ""posters"" and ""wall art"", which are typically found in homes or offices. The text also mentions ""framing"", which is a common practice for posters."
b537a694-b3f7-4d1a-b55e-3f06b35335e6,4f7e5594-988c-42d5-9d44-555ac49160ff,Household,"Reasoning: Let's think step-by-step in order to ${produce the llm_inference}. We see the text mentions ""Art Painting"" which is a decorative item typically found in homes."
95de35a3-a3a8-4240-87ec-ea87acdb5e4b,4f7e5594-988c-42d5-9d44-555ac49160ff,None,"Text: Environment
Reasoning: Let's think step by step in order to ${produce the llm_inference}. We can see that the text is a single word, ""Environment"". This word is not specific to any particular product category. It could refer to a book about the environment, a documentary about the environment, or even a product designed to be environmentally friendly."
7778ac67-980b-4c79-98ea-4929907295b0,4f7e5594-988c-42d5-9d44-555ac49160ff,**Books**,"Reasoning: Let's think step by step in order to **produce the llm_inference**. We see that the text describes a book that focuses on preparing for the AFCAT exam. The book covers topics like General Knowledge, Numerical Ability, Verbal Ability in English, and Reasoning and Military Aptitude. This indicates that the book is designed for educational purposes, specifically for exam preparation."
e3758785-0065-4b7a-a6d4-610af728bd77,4f7e5594-988c-42d5-9d44-555ac49160ff,Books,"Reasoning: Let's think step by step in order to ${produce the llm_inference}. We see the text mentions ""National Defence Academy Naval Academy Entrance Examination"". This indicates the product is related to education and specifically for preparing for a competitive exam."
6d17a16a-c5fd-464f-83d1-6639ea5a4f14,4f7e5594-988c-42d5-9d44-555ac49160ff,Books,"Reasoning: Let's think step by step in order to ${produce the llm_inference}. We see that the text is about the AFCAT exam, which is an exam for admission to the Indian Air Force. This suggests that the text is related to a book for preparing for the AFCAT exam."
15fa52ef-5b84-44b9-8140-491d3182c2bf,4f7e5594-988c-42d5-9d44-555ac49160ff,**None**,"Text: Environment
Reasoning: Let's think step by step in order to ${produce the llm_inference}. We can see that the text is a single word, ""Environment"". This word is not specific to any particular product category. It could refer to a book about the environment, a clothing brand with an environmental focus, or even a household cleaning product that is environmentally friendly."
4bc05b8b-94b0-4e8f-807c-cd1b312d0c57,4f7e5594-988c-42d5-9d44-555ac49160ff,Books,"Reasoning: Let's think step by step in order to ${produce the llm_inference}. We see that the text describes a book about SSB interviews, which is a process for selection into the Indian Navy. This suggests that the text is related to a book."
5adec8a6-e2ab-48bc-aeb4-517121253643,4f7e5594-988c-42d5-9d44-555ac49160ff,Books,"Reasoning: Let's think step by step in order to ${produce the llm_inference}. We see that the text describes a book that focuses on the SSB interview process for the Indian Armed Forces. It mentions specific aspects of the interview, like TAT, WAT, SRT, and SD, and provides insights for aspiring candidates."
b68c7225-f505-4f72-b47f-e6317b8b29fe,4f7e5594-988c-42d5-9d44-555ac49160ff,Books,"Reasoning: Let's think step by step in order to ${produce the llm_inference}. We see that the text describes a book specifically designed for the CDS exam, which is a competitive exam for entry into the Indian Armed Forces. The text highlights the content of the book, including sections on English, General Knowledge, and practice questions. This indicates that the book is an educational resource."
bd0cc69d-76d8-4871-96da-fbab2e817002,4f7e5594-988c-42d5-9d44-555ac49160ff,Books,"Text: International Relations About the Author Pavneet Singh has been teaching in Vajiram and Ravi IAS Institute, the premier IAS coaching institute of the country, since 2013, in the capacity of an instructor in International Relations. He has successfully guided numerous successful IAS aspirants for the past many years and has garnered all the experiences of his teaching years in this comprehensive text.
Reasoning: Let's think step by step in order to ${produce the llm_inference}. We see the text mentions an author, an institute, and a subject - International Relations. This suggests the text is likely a book or study material related to the subject."
f168bd90-c8aa-4142-9870-65f60c884926,4f7e5594-988c-42d5-9d44-555ac49160ff,**Books**,"Reasoning: Let's think step by step in order to **produce the llm_inference**. We see that the text describes a book that focuses on preparing for an exam called AFCAT. The book covers topics like General Knowledge, Numerical Ability, Verbal Ability in English, and Reasoning and Military Aptitude. This suggests that the book is a study guide for a specific exam."
5352668c-903a-4798-a9fc-5e0cc6c2262b,4f7e5594-988c-42d5-9d44-555ac49160ff,Books,"Reasoning: Let's think step by step in order to ${produce the llm_inference}. We see that the text describes a book that focuses on the SSB interview process for the Indian Armed Forces. It mentions specific aspects of the interview, like TAT, WAT, SRT, and SD, and provides insights for aspiring candidates."
5fd011ce-771d-43b5-99ca-6185fa3cdca0,4f7e5594-988c-42d5-9d44-555ac49160ff,Books,"Reasoning: Let's think step by step in order to ${produce the llm_inference}. We see the text mentions ""Current Affairs"", ""Annual Edition"", ""UPSC Engineering Services Preliminary Examination"". This suggests the text is related to study material for a specific exam."
8560be4d-0193-4c3f-b107-890d2fd0aa16,4f7e5594-988c-42d5-9d44-555ac49160ff,Books,"Text: Indian Navy Secondary SSR Guide 2018 About the Author An editorial team of highly skilled professionals at Arihant, works hand in glove to ensure that the students receive the best and accurate content through our books. From inception till the book comes out from print, the whole team comprising of authors, editors, proofreaders and various other involved in shaping the book put in their best efforts, knowledge and experience to produce the rigorous content the students receive. Keeping in mind the specific requirements of the students and various examinations, the carefully designed exam oriented and exam ready content comes out only after intensive research and analysis. The experts have adopted whole new style of presenting the content which is easily understandable, leaving behind the old traditional methods which once used to be the most effective. They have been developing the latest content and updates as per the needs and requirements of the students making our books a hallmark for quality and reliability for the past 15 years.
Reasoning: Let's think step by step in order to ${produce the llm_inference}. We see the text mentions ""students"", ""book"", ""exam"", ""content"", ""authors"", ""editors"", ""proofreaders"". This suggests the text is describing a book."
a5d47dcb-13f3-48ee-ac99-520e3c1d1e18,4f7e5594-988c-42d5-9d44-555ac49160ff,Books,"Text: Environment Revised Edition
Reasoning: Let's think step by step in order to ${produce the llm_inference}. We see the words ""Revised Edition"" which is a common feature of books."
c1a91a75-9fc0-411a-a237-0b9b92346839,4f7e5594-988c-42d5-9d44-555ac49160ff,Books,"Text: Indian Coast Guard Navik General Duty Guide 2018 About the Author An editorial team of highly skilled professionals at Arihant, works hand in glove to ensure that the students receive the best and accurate content through our books. From inception till the book comes out from print, the whole team comprising of authors, editors, proofreaders and various other involved in shaping the book put in their best efforts, knowledge and experience to produce the rigorous content the students receive. Keeping in mind the specific requirements of the students and various examinations, the carefully designed exam oriented and exam ready content comes out only after intensive research and analysis. The experts have adopted whole new style of presenting the content which is easily understandable, leaving behind the old traditional methods which once used to be the most effective. They have been developing the latest content and updates as per the needs and requirements of the students making our books a hallmark for quality and reliability for the past 15 years.
Reasoning: Let's think step by step in order to ${produce the llm_inference}. We see the text mentions ""students"", ""books"", ""exam oriented"", ""content"", ""authors"", ""editors"", ""proofreaders"". This suggests the text is describing a book."
3b9e32a5-7b39-4628-926d-5719b03797b8,4f7e5594-988c-42d5-9d44-555ac49160ff,Books,"Reasoning: Let's think step by step in order to ${produce the llm_inference}. We see the text mentions ""General Knowledge Capsule 2019"", ""Current Affairs Update"", ""School and Test Prep segments"", ""Competitive Exams & Government Vacancies"", and ""aspirants"". This suggests the text is describing a study guide or a book related to preparing for exams."
26ca6ae3-cd07-4d13-8173-a7a3f47223e8,4f7e5594-988c-42d5-9d44-555ac49160ff,Books,"Reasoning: Let's think step by step in order to ${produce the llm_inference}. We see that the text describes a book specifically designed for the CDS exam, which is a competitive exam for entry into the Indian Armed Forces. The text highlights the content of the book, including sections on English, General Knowledge, and Practice MCQs. This indicates that the book is an educational resource."
5cf508ad-b8a2-4556-b320-b7e73debd699,4f7e5594-988c-42d5-9d44-555ac49160ff,Books,"Reasoning: Let's think step by step in order to ${produce the llm_inference}. We see the text mentions ""AFCAT Guide"" and ""Past Papers"". This suggests the text is related to exam preparation materials."
50347538-6c46-4c47-a08e-effed99f904c,4f7e5594-988c-42d5-9d44-555ac49160ff,Books,"Text: Indian Navy Secondary SSR Guide 2018 About the Author An editorial team of highly skilled professionals at Arihant, works hand in glove to ensure that the students receive the best and accurate content through our books. From inception till the book comes out from print, the whole team comprising of authors, editors, proofreaders and various other involved in shaping the book put in their best efforts, knowledge and experience to produce the rigorous content the students receive. Keeping in mind the specific requirements of the students and various examinations, the carefully designed exam oriented and exam ready content comes out only after intensive research and analysis. The experts have adopted whole new style of presenting the content which is easily understandable, leaving behind the old traditional methods which once used to be the most effective. They have been developing the latest content and updates as per the needs and requirements of the students making our books a hallmark for quality and reliability for the past 15 years.
Reasoning: Let's think step by step in order to ${produce the llm_inference}. We see the text mentions ""students"", ""book"", ""exam"", ""content"", ""authors"", ""editors"", ""proofreaders"". This indicates the text is describing a book."
354c9468-126b-42bd-955b-b13ae89cb0aa,4f7e5594-988c-42d5-9d44-555ac49160ff,Books,Reasoning: Let's think step by step in order to ${produce the llm_inference}. We see that the text describes a book for the National Defence Academy and Naval Academy Entrance Examination. This indicates that the product is a book related to education and preparation for a specific exam.
f5883174-004d-421d-b8eb-e264d55c15e3,4f7e5594-988c-42d5-9d44-555ac49160ff,Books,"Reasoning: Let's think step by step in order to ${produce the llm_inference}. We see the text mentions ""NTA NEET 101 Speed Tests"", ""Chapter-wise"", ""Subject-wise"", ""Full"", and ""Competitive Exams"". This suggests the product is related to studying and preparing for exams."
1d2c4a4a-6c9c-489b-8b4d-c5c4515581b9,4f7e5594-988c-42d5-9d44-555ac49160ff,Books,"Reasoning: Let's think step by step in order to ${produce the llm_inference}. We see that the text mentions ""JEE Main Chemistry Online (2018-2012) & Offline (2018-2002) Chapter-wise + Topic-wise Solved Papers"". This indicates that the product is a collection of solved papers for a competitive exam."
67dd2983-eb15-456c-9c28-f014ebb45fe8,4f7e5594-988c-42d5-9d44-555ac49160ff,Books,"Reasoning: Let's think step by step in order to ${produce the llm_inference}. We see the text mentions ""Solved Papers"" and ""Mock Tests"". This indicates the product is related to studying and preparing for an exam."
ab0d3afe-357c-4616-9675-10e1d44a4b77,4f7e5594-988c-42d5-9d44-555ac49160ff,Books,"Reasoning: Let's think step by step in order to ${produce the llm_inference}. We see the text mentions ""JEE Advanced"" and ""JEE Main"", which are entrance exams for engineering colleges in India. This suggests the text is related to educational materials."
3e9d97e5-6432-4121-bb3f-9749816a7b52,4f7e5594-988c-42d5-9d44-555ac49160ff,Books,"Reasoning: Let's think step by step in order to ${produce the llm_inference}. We see the text mentions ""JEE Main Online & Offline Physics, Chemistry & Mathematics Topic-wise Solved Papers"". This indicates the product is related to academic study materials, specifically for the JEE Main exam."
c15c2de5-66b0-4bd8-99e2-6e050266cf0e,4f7e5594-988c-42d5-9d44-555ac49160ff,Clothing & Accessories,"Reasoning: Let's think step by step in order to ${produce the llm_inference}. We see the text mentions ""Women's Cotton Lycra Stretchable Readymade Blouse"", ""designer blouse"", ""ethnic wear collection for women"", ""half sleeves and round neckline"", ""contrasting classy plain/solid pattern"", and ""can fit a wide size range"". These keywords strongly suggest that the text describes a piece of clothing."
e692af95-672d-407f-b459-308c88d03fb9,4f7e5594-988c-42d5-9d44-555ac49160ff,Clothing & Accessories,"Reasoning: Let's think step by step in order to ${produce the llm_inference}. We see the words ""saree"", ""blouse"", ""printed"", ""cotton"", and ""boat neck"". These are all terms associated with clothing."
3f7c4df9-a809-4553-81b4-0e16d3b02955,4f7e5594-988c-42d5-9d44-555ac49160ff,Clothing & Accessories,"Reasoning: Let's think step by step in order to ${produce the llm_inference}. We see that the text describes a garment with details like ""faux silk"", ""golden crystal yoke"", ""boat neck"", ""sizes and colours"", and ""cotton lining"". These are all characteristics of clothing items."
feb5c7fa-558b-478c-8fea-fcf2b8d442d8,4f7e5594-988c-42d5-9d44-555ac49160ff,Clothing & Accessories,"Reasoning: Let's think step by step in order to ${produce the llm_inference}. We see the text mentions ""saree blouse"", ""boat neck"", ""benaras brocade fabric"", ""elbow length sleeves"", and ""bra size"". These are all terms related to clothing and accessories."
420b659d-b797-4ba3-ab2e-ded0c3e208db,4f7e5594-988c-42d5-9d44-555ac49160ff,Clothing & Accessories,"Reasoning: Let's think step by step in order to ${produce the llm_inference}. We see the text mentions ""saree blouse"", ""lycra"", ""georgette saree"", ""blouse pieces"", ""tailors"", ""color options"", ""patterns"", and ""readymade"". These keywords strongly suggest the product is related to clothing."
90ba1dea-47fc-434b-bc5d-834f510c0096,4f7e5594-988c-42d5-9d44-555ac49160ff,Clothing & Accessories,"Reasoning: Let's think step by step in order to ${produce the llm_inference}. We see the text mentions ""Women's Cotton Saree Blouse"". This indicates a garment item specifically designed for women."
1b34da4c-38b8-4c19-b5d6-0bc3eb8fcc08,4f7e5594-988c-42d5-9d44-555ac49160ff,Clothing & Accessories,"Reasoning: Let's think step by step in order to ${produce the llm_inference}. We see the text mentions ""saree blouse"", ""ethnic"", ""vibrant colours"", ""pair with any saree"", ""day or evening functions"". These keywords strongly suggest the product is related to clothing."
19b69d90-07cd-4c1d-bc9c-b1d1f4e87db1,4f7e5594-988c-42d5-9d44-555ac49160ff,Clothing & Accessories,"Reasoning: Let's think step by step in order to ${produce the llm_inference}. We see the text mentions ""saree blouse"", ""boat neck"", ""elbow length sleeves"", and ""ready to wear"". These are all terms associated with clothing."
833168ea-e3c8-41be-b886-158cb96c195e,4f7e5594-988c-42d5-9d44-555ac49160ff,Clothing & Accessories,"Reasoning: Let's think step by step in order to ${produce the llm_inference}. We see the text mentions ""saree"" which is a traditional Indian garment. This indicates the product is a piece of clothing."
365e04b9-a2a6-4775-b7ae-eb8b98b2a455,4f7e5594-988c-42d5-9d44-555ac49160ff,Clothing & Accessories,"Reasoning: Let's think step by step in order to ${produce the llm_inference}. We see the text describes a garment with details like ""round neck"", ""elbow length sleeves"", ""golden booti"", ""polyester fabric"", and ""fitting strings"". These are all features of a blouse, which is a type of clothing."
8abd7138-dee5-4b1f-9342-2f8bc8f35371,4f7e5594-988c-42d5-9d44-555ac49160ff,Clothing & Accessories,"Reasoning: Let's think step by step in order to ${produce the llm_inference}. We see the words ""Women's"", ""Cotton"", ""Saree Blouse"" which are all related to clothing."
4b91d8dd-9ef1-416f-8cbe-11e0b2221739,4f7e5594-988c-42d5-9d44-555ac49160ff,Clothing & Accessories,"Reasoning: Let's think step by step in order to ${produce the llm_inference}. We see the text mentions ""women's ready made saree's blouse"", ""stitched-blouses"", ""shape-wear"", and ""second skin for women"". These terms strongly suggest the product is related to clothing."
3597b490-f5dc-4af1-accb-941c75107384,4f7e5594-988c-42d5-9d44-555ac49160ff,Clothing & Accessories,"Reasoning: Let's think step by step in order to ${produce the llm_inference}. We see the words ""Women's"", ""Saree"", and ""Blouse"" in the text. These are all terms associated with clothing."
1ba31e3a-1965-4fc5-8e78-d9b6bf52a8a4,4f7e5594-988c-42d5-9d44-555ac49160ff,Clothing & Accessories,"Reasoning: Let's think step by step in order to ${produce the llm_inference}. We see the words ""Women's"" and ""Saree Blouse"" which are both related to clothing."
ebb7f544-6f6a-4171-a706-c3b42f5f9a07,4f7e5594-988c-42d5-9d44-555ac49160ff,Clothing & Accessories,"Reasoning: Let's think step by step in order to ${produce the llm_inference}. We see the text mentions ""Women's Cotton Silk Gold stripes Kota Doria Saree"" which indicates a traditional Indian garment. The text also mentions ""party wear"" which further suggests it's a piece of clothing."
0f50f0d7-a796-4242-8e66-ca86efd2f25a,4f7e5594-988c-42d5-9d44-555ac49160ff,Clothing & Accessories,"Reasoning: Let's think step by step in order to ${produce the llm_inference}. We see the text mentions ""saree"" which is a traditional Indian garment. This indicates the product is likely clothing."
afabbc5e-5530-4d2d-b97a-4fb70df12039,4f7e5594-988c-42d5-9d44-555ac49160ff,Clothing & Accessories,"Reasoning: Let's think step by step in order to ${produce the llm_inference}. We see the words ""Saree"" and ""Blouse Piece"" which are both associated with traditional Indian clothing."
fc9ef380-2c37-4894-9c04-3b83721a2770,4f7e5594-988c-42d5-9d44-555ac49160ff,Clothing & Accessories,"Reasoning: Let's think step by step in order to ${produce the llm_inference}. We see the words ""Silk Saree"" which are associated with traditional Indian clothing."
e609b8ae-0c6c-4226-9cfc-ae163ff73219,4f7e5594-988c-42d5-9d44-555ac49160ff,Clothing & Accessories,"Reasoning: Let's think step by step in order to ${produce the llm_inference}. We see the words ""Women's"", ""Cotton Saree"", and ""Blouse Piece"". These are all terms associated with clothing."
445684ce-0e56-4c99-8020-431eb491be3d,4f7e5594-988c-42d5-9d44-555ac49160ff,Clothing & Accessories,"Text: Anni Designer Silk Saree with Blouse Piece
Reasoning: Let's think step by step in order to ${produce the llm_inference}. We see the words ""Saree"" and ""Blouse Piece"" which are both associated with traditional Indian clothing."
528ea08b-09d2-432d-b26e-6edeb0d8e0e4,4f7e5594-988c-42d5-9d44-555ac49160ff,Clothing & Accessories,"Reasoning: Let's think step by step in order to ${produce the llm_inference}. We see the words ""Silk Saree"" which are associated with traditional Indian clothing."
008e175f-d8e6-4c2f-bc1d-62aa393e01a7,4f7e5594-988c-42d5-9d44-555ac49160ff,Clothing & Accessories,"Reasoning: Let's think step by step in order to ${produce the llm_inference}. We see the text mentions ""saree"", ""blouse piece"", ""Kanjeevaram silk"", ""fashion party wear"", ""traditional"", ""designer sarees"", ""blouse pattern"", ""trendy look"", ""luxurious"", ""eye-catching patterns"", ""fabric-cotton silk saree"", ""length: over 5.5 meters"". These keywords strongly suggest that the product is a piece of clothing, specifically a saree."
46155d25-f9f3-46d5-b1b3-d595909c9833,4f7e5594-988c-42d5-9d44-555ac49160ff,Clothing & Accessories,"Reasoning: Let's think step by step in order to ${produce the llm_inference}. We see the text mentions ""Saree"" and ""Blouse Piece"", which are typical clothing items."
08fb7977-a751-4fae-b124-63e69dcfbf58,4f7e5594-988c-42d5-9d44-555ac49160ff,Clothing & Accessories,"Reasoning: Let's think step by step in order to ${produce the llm_inference}. We see the text mentions ""saree"" and ""blouse piece"", which are typical clothing items. The text also mentions ""Material: Faux georgette"", ""Saree Length"", ""Blouse Length"", and ""Saree Width"", which are all specifications related to clothing."
518b6b50-a9ff-4681-bd0e-a991b75631a1,4f7e5594-988c-42d5-9d44-555ac49160ff,Clothing & Accessories,"Reasoning: Let's think step by step in order to ${produce the llm_inference}. We see the words ""Women's"", ""Saree"", and ""Blouse Piece"" which are all terms associated with clothing."
44090e37-8fd3-4d63-a509-98a499c6e947,4f7e5594-988c-42d5-9d44-555ac49160ff,Electronics,"Text: ERD AD-22 8 Channel Power Supply for CCTV Cameras (White) ERD AD-22 8 Channel Power Supply for CCTV Cameras. It uses advanced technology that ensures improved energy density. It comes with overload protection which provides safety from external attacks.
Reasoning: Let's think step by step in order to ${produce the llm_inference}. We see the text mentions ""CCTV Cameras"" and ""Power Supply"". This indicates the product is related to security systems."
8f48af78-6cae-455f-a442-6f989caab6e7,4f7e5594-988c-42d5-9d44-555ac49160ff,Electronics,"Reasoning: Let's think step by step in order to ${produce the llm_inference}. We see the text mentions ""Camera"", ""Microscope"", ""Sensor"", ""Lens"", ""Resolution"", ""Exposure"", ""USB"", ""C-Mount"", ""Optical Adapter"", ""Software"", ""Measurement Tools"", ""Still Image and Video Recording"". These are all terms related to scientific imaging and photography."
94347997-b681-4afb-9180-c06ca4d82077,4f7e5594-988c-42d5-9d44-555ac49160ff,Electronics,"Reasoning: Let's think step-by-step in order to ${produce the llm_inference}. We see the text mentions ""micro-sd card"" and ""sd card"", which are types of memory cards used in electronics. The text also mentions ""camera or laptop"", which are electronic devices."
3f0ece84-13af-4021-9f39-8b3b385f9485,4f7e5594-988c-42d5-9d44-555ac49160ff,Electronics,"Reasoning: Let's think step by step in order to ${produce the llm_inference}. We see that the text describes a product with specifications like voltage, amperage, and input/output. It also mentions applications like CCTV cameras, routers, and LED strip lights. This suggests that the product is an electronic device."
5a81c495-6857-47ca-9b9b-1ed3a52067ce,4f7e5594-988c-42d5-9d44-555ac49160ff,Electronics,"Reasoning: Let's think step by step in order to ${produce the llm_inference}. We see that the text describes a product with a ""hot shoe"" and ""1/4 inch threaded stud,"" which are common features of camera accessories. The text also mentions ""tripod"" and ""camera camcorder,"" further indicating a camera-related product."
a7548594-ce20-43dc-bf9e-e025cd83146a,4f7e5594-988c-42d5-9d44-555ac49160ff,Electronics,Reasoning: Let's think step by step in order to ${produce the llm_inference}. We see that the text describes a product that is a hidden camera disguised as a phone charger adapter. This suggests that the product is related to security and surveillance.
22f177fe-9300-44f3-9495-8d568f98ef40,4f7e5594-988c-42d5-9d44-555ac49160ff,Electronics,"Reasoning: Let's think step by step in order to ${produce the llm_inference}. We see the text mentions ""SanDisk"", ""Memory Card"", ""Micro SDHC"", and ""Adapter"". These are all terms associated with storage devices."
2ef6a685-f81c-4890-9210-468aeada5d9c,4f7e5594-988c-42d5-9d44-555ac49160ff,Electronics,"Reasoning: Let's think step by step in order to ${produce the llm_inference}. We see the text mentions ""SanDisk"", ""Memory Card"", ""Micro SDHC"", and ""Adapter"". These are all terms associated with storage devices."
73b9a1dd-2d15-4323-8753-dc590e6b0b99,4f7e5594-988c-42d5-9d44-555ac49160ff,Electronics,"Reasoning: Let's think step by step in order to ${produce the llm_inference}. We see that the text describes a product that is used to connect devices with a standard 1/4"" screw hole to a flash hot shoe slot. This suggests that the product is related to photography equipment."
a2ca13d2-11ea-4d28-8913-2b0ad8feb9fa,4f7e5594-988c-42d5-9d44-555ac49160ff,Electronics,"Reasoning: Let's think step by step in order to ${produce the llm_inference}. We see the text mentions ""MicroSDHC Memory Card"", ""Full HD video"", ""read speed"", ""transfer a 3 GB video"", ""shoot flawless high quality photos and videos"", and ""memory of 32 GB"". These keywords strongly suggest that the product is related to data storage and media recording."
7689cd2d-b0ce-460a-b4d5-9e8c2d3d1e1c,4f7e5594-988c-42d5-9d44-555ac49160ff,Electronics,"Reasoning: Let's think step by step in order to ${produce the llm_inference}. We see the text mentions ""SanDisk"", ""microSDXC Memory Card"", ""128GB"", and ""Adapter"". These are all terms associated with electronic storage devices."
7577b800-012b-4f4d-9461-a4ace07e8dd4,4f7e5594-988c-42d5-9d44-555ac49160ff,Electronics,"Text: SanDisk Ultra A1 16GB Class 10 Ultra microSD UHS-I Card with Adapter (SDSQUAR-016G-GN6MA) Size name:16 GB The SanDisk ultra microSDXC UHS-I card is perfect for recording and watching full HD video
Reasoning: Let's think step by step in order to ${produce the llm_inference}. We see the text mentions ""microSD card"" which is a type of memory card used in electronic devices."
15cb3400-9de1-4d98-8bf1-6600b4b04bd1,4f7e5594-988c-42d5-9d44-555ac49160ff,Electronics,"Text: ERD AD-22 8 Channel Power Supply for CCTV Cameras (White) ERD AD-22 8 Channel Power Supply for CCTV Cameras. It uses advanced technology that ensures improved energy density. It comes with overload protection which provides safety from external attacks.
Reasoning: Let's think step by step in order to ${produce the llm_inference}. We see the text mentions ""CCTV Cameras"" and ""Power Supply"". This indicates the product is related to security systems."
b2eeb435-b2bd-4be5-881f-804c3f113635,4f7e5594-988c-42d5-9d44-555ac49160ff,Electronics,"Reasoning: Let's think step by step in order to ${produce the llm_inference}. We see that the text describes a product that is used to connect devices with a standard 1/4"" screw hole to a flash hot shoe slot. This suggests that the product is related to photography equipment."
7405d31a-146b-40a8-8aec-c120b3926f9c,4f7e5594-988c-42d5-9d44-555ac49160ff,Electronics,Reasoning: Let's think step by step in order to ${produce the llm_inference}. We see that the text describes a physical product that converts a micro SD card to an SD card. This suggests it is an accessory for electronic devices.
4ef8010c-81a7-4068-a366-902a417f5ea6,4f7e5594-988c-42d5-9d44-555ac49160ff,Electronics,"Reasoning: Let's think step-by-step in order to ${produce the llm_inference}. We see the text mentions ""micro-sd card"" and ""sd card"", which are types of memory cards used in electronics. The text also mentions ""camera or laptop"", which are electronic devices."
f4859efa-4352-441d-a860-0a779a36202b,4f7e5594-988c-42d5-9d44-555ac49160ff,Electronics,"Reasoning: Let's think step by step in order to ${produce the llm_inference}. We see the text mentions ""MicroSDHC Memory Card"", ""Full HD video"", ""read speed"", ""transfer a 3 GB video"", ""shoot flawless high quality photos and videos"", and ""memory of 32 GB"". These keywords strongly suggest that the product is related to data storage and media recording."
6daa84c9-1f72-4f60-b114-2cf1c05be5a6,4f7e5594-988c-42d5-9d44-555ac49160ff,Electronics,"Text: SanDisk Ultra A1 16GB Class 10 Ultra microSD UHS-I Card with Adapter (SDSQUAR-016G-GN6MA) Size name:16 GB The SanDisk ultra microSDXC UHS-I card is perfect for recording and watching full HD video
Reasoning: Let's think step by step in order to ${produce the llm_inference}. We see the text mentions ""microSD card"" which is a type of memory card used in electronic devices."
d556ca03-3771-472d-98cd-e2e325c66439,4f7e5594-988c-42d5-9d44-555ac49160ff,Electronics,"Reasoning: Let's think step by step in order to ${produce the llm_inference}. We see that the text describes a cable that connects devices like digital cameras, camcorders, and game consoles to TVs and PCs. This suggests it's an electronic product."
ff12c35b-92a5-4400-9dd2-97ea43f04857,4f7e5594-988c-42d5-9d44-555ac49160ff,Electronics,"Reasoning: Let's think step by step in order to ${produce the llm_inference}. We see that the text describes a microphone with features like ""cardioid polar pattern"", ""frequency response"", ""sensitivity"", and ""signal to noise ratio"". These are technical specifications related to audio recording equipment. The text also mentions compatibility with various devices like smartphones, cameras, and computers. This further suggests that the product is related to audio recording."
b29c73fa-9d29-412f-9f8b-62d925a31d40,4f7e5594-988c-42d5-9d44-555ac49160ff,Electronics,"Reasoning: Let's think step by step in order to ${produce the llm_inference}. We see that the text describes features of a camera, including resolution, video formats, and water resistance. These features are typical of action cameras, which are a type of electronic device."
ba42bd54-a23b-42b3-891a-f5d6894cebff,4f7e5594-988c-42d5-9d44-555ac49160ff,Electronics,"Reasoning: Let's think step by step in order to ${produce the llm_inference}. We see the text mentions ""LED video light"", ""camera"", ""camcorder"", and ""photography"". These terms strongly suggest the product is related to photography and videography."
de4947e5-8770-4839-b827-1fa44abdfef4,4f7e5594-988c-42d5-9d44-555ac49160ff,Electronics,"Text: GoPro CHDHX-701-RW Hero7 Camera (Black)
Reasoning: Let's think step by step in order to ${produce the llm_inference}. We see the words ""GoPro"", ""Camera"", and ""Hero7"". These are all terms associated with cameras, which are electronic devices."
df00da60-b334-48e0-af00-50e0647c23c1,4f7e5594-988c-42d5-9d44-555ac49160ff,Electronics,"Text: Lowepro Tahoe BP150 Camera Backpack (Black) Colour:Black An active life needs a focused pack. That's what the Tahoe BP 150 offers. Its customizable and well-padded main compartment and roomy front pocket offer plenty of storage for a day's worth of essential gear, including a tablet. Spacious and adjustable interior features padded dividers to easily customize camera kit. Main compartment features an UltraFlex panel that folds down to create more space for personal gear and less camera gear, or whatever your day calls for. Remove all interior dividers and use Tahoe 150 as a full daypack. Light grey interior makes it easy to locate and store gear. Roomy pocket includes organized storage for daily essentials, plus a protective CradleFit pocket for up to a 10-inch tablet. Subtle and zippered outer pocket offers space for earbuds, pens, keys, smartphone and smaller items. Tall, stretch-mesh pockets accommodate large water bottles or other quick-grab items you want throughout the day. Convenient grab handle provides an extra carry option. Softly padded shoulder straps adjust for a comfortable fit. Weather-resistant materials help safeguard your gear from the elements
Reasoning: Let's think step by step in order to ${produce the llm_inference}. We see that the text describes a backpack with features specifically designed for carrying camera equipment. It mentions padded dividers, a customizable main compartment, and a tablet pocket. These features are not typical of household items, books, or clothing. Therefore, the text is most likely describing an **Electronics** product."
dab9b982-f5ec-474e-b14e-09931419a632,4f7e5594-988c-42d5-9d44-555ac49160ff,Electronics,"Reasoning: Let's think step by step in order to ${produce the llm_inference}. We are looking for a product category based on the text. The text describes a microphone with features like omni-directional pickup pattern, compatibility with cameras, smartphones, and audio recorders, and use cases like interviews, podcasts, and dictation. This suggests the product is related to audio recording and sound enhancement."
