label,text
Household,"Paper Plane Design Framed Wall Hanging Motivational Office Decor Art Prints (8.7 X 8.7 inch) - Set of 4 Painting made up in synthetic frame with uv textured print which gives multi effects and attracts towards it. This is an special series of paintings which makes your wall very beautiful and gives a royal touch. This painting is ready to hang, you would be proud to possess this unique painting that is a niche apart. We use only the most modern and efficient printing technology on our prints, with only the and inks and precision epson, roland and hp printers. This innovative hd printing technique results in durable and spectacular looking prints of the highest that last a lifetime. We print solely with top-notch 100% inks, to achieve brilliant and true colours. Due to their high level of uv resistance, our prints retain their beautiful colours for many years. Add colour and style to your living space with this digitally printed painting. Some are for pleasure and some for eternal bliss.so bring home this elegant print that is lushed with rich colors that makes it nothing but sheer elegance to be to your friends and family.it would be treasured forever by whoever your lucky recipient is. Liven up your place with these intriguing paintings that are high definition hd graphic digital prints for home, office or any room."
Household,"SAF 'Floral' Framed Painting (Wood, 30 inch x 10 inch, Special Effect UV Print Textured, SAO297) Painting made up in synthetic frame with UV textured print which gives multi effects and attracts towards it. This is an special series of paintings which makes your wall very beautiful and gives a royal touch (A perfect gift for your special ones)."
Household,"SAF 'UV Textured Modern Art Print Framed' Painting (Synthetic, 35 cm x 50 cm x 3 cm, Set of 3) Color:Multicolor                                                                                 |                            Size:35 cm x 50 cm x 3 cm   Overview a beautiful painting involves the action or skill of using paint in the right manner; hence, the end product will be a picture that can speak a thousand words they say. Arts have been in trend for quite some time now. It can give different viewer different meanings style and design the SAF wood matte abstract painting with frame is quite abstract and mysteriously beautiful. The painting has a nice frame to it. You can gift this to a family or a friend. The painting has various forms of certain figures on it as seen in the image. You can add a good set of lights to the place where the painting is and the decor will give a different feel and look to the place. Quality and durability the painting has a matte finish and includes a good quality frame and will last for a long period. However, it does not include glass along with the frame. Specifications you can purchase SAF wood matte abstract painting with frame on amazon.in. It is the most customer-friendly platform with a wide range of products to choose from, and shopping is just a click away!"
Household,"SAF Flower Print Framed Painting (Synthetic, 13.5 inch x 22 inch, UV Textured, Set of 3, SANFSW4951) Color:Multicolor                                                                                 |                            Size:35 cm x 50 cm x 2 cm   A beautiful painting involves the action or skill of using paint in the right manner, hence, the end product will be a picture that can speak a thousand words they say. Arts have been in trend for quite some time now. It can give different viewer different meanings style and design the saf wood matte painting with frame is quite abstract and mysteriously beautiful. The painting has a nice frame to it. You can gift this to a family or a friend. The painting has various forms of certain figures on it as seen in the image. You can add a good set of lights to the place where the painting is and the decor will give a different feel and look to the place. Quality and durability the painting has a matte finish and includes a good quality frame and will last for a long period. However, it does not include glass along with the frame."
Household,"Incredible Gifts India Wooden Happy Birthday Unique Personalized Gift (5 X 4 Inch) Size:4 x 5   Made Of Natural Imported Wood, Which Is Quite Solid With Light Particle Pattern & Is Soft Pale To Blond Colour. Your Uploaded Photo Will Look Amazing And Beautiful After Laser Engraving On It. This Is One Of The Most Popular Unique Gifts In Our Store. We Offer This In Multiple Sizes, Some Can Be Used As Table Top And The Big Sizes Can Be Used As Wall Hanging Which Just Blends With Your Home Decaration. You Just Need To Upload A Picture And Add Your Own Text And We Will Do The Rest For You. We Will Email You The Preview Before Making The Final Product. Do You Want The Best Moment Of Your Life To Be Engraved On A Wooden Plaque That Lasts For A Longer Time And Stays Close To You Forever? Then You Are At The Right Place. We Present To You Various Sizes Personalized Engraved Wooden Plaques Made With Birch Wood. Let Your Memories Be Engraved On Wooden Plaques And Stay With Your Forever."
Household,"Pitaara Box Romantic Venice Canvas Painting 6mm Thick Mdf Frame 21.1 X 14Inch Enclosure Material:MDF Mount Frame                                                                                 |                            Size:21.1inch x 14inch (53.6cms x 35.6cms)   SIZE: 21.1 inch x 14.0 inch (53.6 cms x 35.6 cms)  Enhance the beauty of your room walls with this breathtaking digital printed artwork. Our high-end printing technology captures every detail of the image in our prints on enhanced matte painting canvas, ensuring rich and lively colours. This wall art panel is mounted on MDF and ready to hang on walls. Beautiful interior home d©cor artwork gifts for Living, Dining Room, Outdoor, Gallery, Hotels, Restaurants, Office, Reception, Kitchen Area, Balcony and Bathroom.  Pitaara Box offers an exclusive collection of thousands of artworks, digital paintings, canvas prints, wall posters, and other wall decor products for your home, office, and surroundings. We provide a never-ending range of creative and spectacular art products, which can be used for gifting on every occasion and every season.  TAGS: wall, paintings, canvas, prints, modern, art, abstract, designer, wallart, artwork, home, bedroom, dining, living, drawing, room, digital, printing, bathroom, common, area, kitchen, office, decorative, stretch, stretched, framed, framing, beautiful, classy, royal, special, unique, elegant, stylish, creative, affordable, best, photo, gifts, fabrics, balcony, interior, exterior, outdoor, gallery, hotels, restaurants, colourful, colorful, small, large, extra large, oversized, hangings, giant, slim, durable, waterproof, buy, shop, purchase, decor, online, Places, Vintage, Canvas, romantic, Venice, artwork, painting, style"
Household,"Paper Plane Design Starry Night Vangoh Wall Art Canvas Painting. Large Size Rolled Canvas Art Print (36"" X 48"") We use only the most modern and efficient printing technology on our canvases, with only the best and original inks and precision Epson< Roland and HP printers. This innovative HD printing technique results in durable and spectacular looking prints of the highest quality that last a lifetime. We print solely with top-notch inks, to achieve brilliant and true colours. Due to their high level of UV Resistance, our Canvas prints retain their beautiful colours for many years. Our canvases contain high levels of white, to ensure that the colours of your original image are reproduced exactly, with brilliant tones. Add colour and style to your living space with this digitally printed canvas painting. Some gifts are for pleasure and some for eternal bliss.So bring home this elegant Canvas print that is lushed with Rich colors that makes it nothing but sheer elegance to be gifted to your friends and family.It would be treasured forever by whoever your lucky recipient is. Liven up your place with these intriguing paintings on canvas that are high definition hd graphic digital prints for home, office or any room. A perfect size of 36 inches x 48 inches suits every size of space and are a great match with every architectural setting. We prove raw canvas prints with special left extra margins for any type of framing required which you can get done as you please. Art comes in a safe delivery tube. prints are made using latest technology and original inks to get a perfect colour and long lasting design."
Household,"Pitaara Box Romantic Venice Canvas Painting 6mm Thick Mdf Frame 21.1 X 14Inch Enclosure Material:MDF Mount Frame                                                                                 |                            Size:21.1inch x 14inch (53.6cms x 35.6cms)   SIZE: 21.1 inch x 14.0 inch (53.6 cms x 35.6 cms)  Enhance the beauty of your room walls with this breathtaking digital printed artwork. Our high-end printing technology captures every detail of the image in our prints on enhanced matte painting canvas, ensuring rich and lively colours. This wall art panel is mounted on MDF and ready to hang on walls. Beautiful interior home d©cor artwork gifts for Living, Dining Room, Outdoor, Gallery, Hotels, Restaurants, Office, Reception, Kitchen Area, Balcony and Bathroom.  Pitaara Box offers an exclusive collection of thousands of artworks, digital paintings, canvas prints, wall posters, and other wall decor products for your home, office, and surroundings. We provide a never-ending range of creative and spectacular art products, which can be used for gifting on every occasion and every season.  TAGS: wall, paintings, canvas, prints, modern, art, abstract, designer, wallart, artwork, home, bedroom, dining, living, drawing, room, digital, printing, bathroom, common, area, kitchen, office, decorative, stretch, stretched, framed, framing, beautiful, classy, royal, special, unique, elegant, stylish, creative, affordable, best, photo, gifts, fabrics, balcony, interior, exterior, outdoor, gallery, hotels, restaurants, colourful, colorful, small, large, extra large, oversized, hangings, giant, slim, durable, waterproof, buy, shop, purchase, decor, online, Places, Vintage, Canvas, romantic, Venice, artwork, painting, style"
Household,"SAF 'Ganesh Modern Art Print' Painting (Synthetic, 35 cm x 50 cm x 2 cm, Set of 3) Color:Multicolor   Overview a beautiful painting involves the action or skill of using paint in the right manner; hence, the end product will be a picture that can speak a thousand words they say. Arts have been in trend for quite some time now. It can give different viewer different meanings style and design the SAF wood matte abstract painting with frame is quite abstract and mysteriously beautiful. The painting has a nice frame to it. You can gift this to a family or a friend. The painting has various forms of certain figures on it as seen in the image. You can add a good set of lights to the place where the painting is and the decor will give a different feel and look to the place. Quality and durability the painting has a matte finish and includes a good quality frame and will last for a long period. However, it does not include glass along with the frame. Specifications you can purchase SAF wood matte abstract painting with frame on amazon.in. It is the most customer-friendly platform with a wide range of products to choose from, and shopping is just a click away!"
Household,Paintings Villa UV Textured Modern Art Print Framed Painting Home Decoration - Size 35 X 2 X 50 cm Paintings Villa UV Textured Modern Art Print Framed Painting Home Decoration - Size 35 X 2 X 50 cm Decorate your home and office walls with these artistic design satin matt texture framed UV art print from MAV. Each design reflects the artistic qualities and time one has taken to design this poster. Exquisitely printed and framed it is also a perfect gifting option for your colleagues loved ones and family members. These frames don't include glass so it is very light weight and wet cloth can be used to clean it.
Household,"Painting Mantra Art Street - Jardin Bird Framed Art Print Set of 4 Black (10 x 10 inch) Color:Color - Black ||Theme - Jardin Black   Breath new life into your home and office with this original painting re-print. These high quality printed canvas are of size 10 inch by 10 inch, comes framed and ready to hang. Note: Print doesn't need any glass for protection and hence this comes without the glass."
Household,"Paper Plane Design Starry Night Vangoh Wall Art Canvas Painting. Large Size Rolled Canvas Art Print (36"" X 48"") We use only the most modern and efficient printing technology on our canvases, with only the best and original inks and precision Epson< Roland and HP printers. This innovative HD printing technique results in durable and spectacular looking prints of the highest quality that last a lifetime. We print solely with top-notch inks, to achieve brilliant and true colours. Due to their high level of UV Resistance, our Canvas prints retain their beautiful colours for many years. Our canvases contain high levels of white, to ensure that the colours of your original image are reproduced exactly, with brilliant tones. Add colour and style to your living space with this digitally printed canvas painting. Some gifts are for pleasure and some for eternal bliss.So bring home this elegant Canvas print that is lushed with Rich colors that makes it nothing but sheer elegance to be gifted to your friends and family.It would be treasured forever by whoever your lucky recipient is. Liven up your place with these intriguing paintings on canvas that are high definition hd graphic digital prints for home, office or any room. A perfect size of 36 inches x 48 inches suits every size of space and are a great match with every architectural setting. We prove raw canvas prints with special left extra margins for any type of framing required which you can get done as you please. Art comes in a safe delivery tube. prints are made using latest technology and original inks to get a perfect colour and long lasting design."
Household,"Pitaara Box Romantic Venice Canvas Painting 6mm Thick Mdf Frame 21.1 X 14Inch Enclosure Material:MDF Mount Frame                                                                                 |                            Size:21.1inch x 14inch (53.6cms x 35.6cms)   SIZE: 21.1 inch x 14.0 inch (53.6 cms x 35.6 cms)  Enhance the beauty of your room walls with this breathtaking digital printed artwork. Our high-end printing technology captures every detail of the image in our prints on enhanced matte painting canvas, ensuring rich and lively colours. This wall art panel is mounted on MDF and ready to hang on walls. Beautiful interior home d©cor artwork gifts for Living, Dining Room, Outdoor, Gallery, Hotels, Restaurants, Office, Reception, Kitchen Area, Balcony and Bathroom.  Pitaara Box offers an exclusive collection of thousands of artworks, digital paintings, canvas prints, wall posters, and other wall decor products for your home, office, and surroundings. We provide a never-ending range of creative and spectacular art products, which can be used for gifting on every occasion and every season.  TAGS: wall, paintings, canvas, prints, modern, art, abstract, designer, wallart, artwork, home, bedroom, dining, living, drawing, room, digital, printing, bathroom, common, area, kitchen, office, decorative, stretch, stretched, framed, framing, beautiful, classy, royal, special, unique, elegant, stylish, creative, affordable, best, photo, gifts, fabrics, balcony, interior, exterior, outdoor, gallery, hotels, restaurants, colourful, colorful, small, large, extra large, oversized, hangings, giant, slim, durable, waterproof, buy, shop, purchase, decor, online, Places, Vintage, Canvas, romantic, Venice, artwork, painting, style"
Household,"Painting Mantra 'Vintage Car' Art Printing Set (Synthetic Wood, 60 cm x 50 cm x 2 cm, Brown, Set of 4) Size:60 cm x 50 cm x 2 cm   From the house of art street, we bring this exclusive framed poster to satiate the taste of decor freaks and vintage cars lovers. The filling station-vintage car brown framed poster is a high resolution vintage poster which comes covered in a brown frame. Hang the framed posters depicting image of a car from the nostalgic era on your favourite wall and make it look colourful and vibrant. The product is durable and of high quality. Presented to you with love from art street."
Household,"Indianara Motivational Square Synthetic Wood Art Painting (23 cm x 23 cm x 6 cm, Set of 4, Multicolor)"
Household,"Tamatina Fabric Raja Ravi Varma Hamsa Damyanthi Academic Art Decor Canvas Paintings (Multicolour) Size:Large/23x35 inches   We at tamatina-tm are excited to bring you a fine line of canvas paintings. We work very hard, hand picking designs best suited for canvas art ; then fine tuning images ; trials till we achieve what we can impress you with. We just want you to feel awesome, when you admire it hanging on the wall. Br about the canvas ; digital print: b br ; polyester cotton canvas fabric, hand-picked for each design for best output. It is built to absorb machine print ink ; brings a glorious visual once done. Digital printers we use are designed for fine art reproduction ; our inks are only oil based for that gorgeous finish. they are easy to maintain ; clean as the colors are digitally embedded on the canvas. You don't need a glass for saving the painting from dust as the painting can be cleaned with damp cloth once in a while ; no colors would come off. br ; for more info. Display image is digital, print would have a canvas effect."
Household,"SAF Flower Print Framed Painting (Synthetic, 13.5 inch x 22 inch, UV Textured, Set of 3, SANFSW4951) Color:Multicolor                                                                                 |                            Size:35 cm x 50 cm x 2 cm   A beautiful painting involves the action or skill of using paint in the right manner, hence, the end product will be a picture that can speak a thousand words they say. Arts have been in trend for quite some time now. It can give different viewer different meanings style and design the saf wood matte painting with frame is quite abstract and mysteriously beautiful. The painting has a nice frame to it. You can gift this to a family or a friend. The painting has various forms of certain figures on it as seen in the image. You can add a good set of lights to the place where the painting is and the decor will give a different feel and look to the place. Quality and durability the painting has a matte finish and includes a good quality frame and will last for a long period. However, it does not include glass along with the frame."
Household,"Posterhouzz Comics Superhero Thor Joker Black Panther Ultron Daredevil Deadpool Flash STA. Fine Art Paper Print Poster_** ABO397 Creative, digitally printed paper posters for your home or office. Funny, inspiring and lovable designs to choose from. This Poster Is for framing. Spruce up your home with a fantastic of Wall Art from Posterhouzz."
Household,"ART DIOR | Set of 3 Modern Art Prints - Winter Tree Printed on a Single Print | Canvas Wall Art | Unframed Canvas Art Print| 18 inch x 46 inch Enclosure Material:Canvas Art Print                                                                                 |                            Size:18"" x 46"" Art Print Only   Giclée art from Creative team of Art Dior. Printed by dedicated art printer on Epson 9900 on very specialized coated canvas to bring out brush stroke details, brilliance of colors, dimensional stability and lasting colors for archival use. Add soul to your walls, add volumes of euphoric feel once properly framed and displayed on Living, Drawing & Dining Room, Gallery, Hotels, Bar, Lounge, Restaurants, Office, Reception, Kitchen Area, Bathroom. Packed with utmost care for mint fresh condition delivery. Art prints are of very specialized fine ink quality and color gamut to maintain color depth and brilliance, direct sunlight should be avoided. Please confirm size before placing any order. TERMS & CONDITIONS BEFORE PLACING YOUR ORDER: 1. Product colours remains closest to as shown in the product image but may vary slightly when viewed on different monitors or screens. Please check product specifications and size thoroughly before placing your order. 2. If buyer wants to return the product, then return courier charges will be borne by the buyer. 3. Refund process will be Initiated only when the vendor gets custody of the returned product in it's orignal packaging & labels. 4. Refund will only be initated if there is a manufacturing defect or if the product was damaged in transit. No refunds will be initiated if the product returned is physically or chemically tampered with. 5. Framed Art Prints will only be compensated if damaged in transit."
Household,"ART DIOR | Dancing Village Girls | Canvas Wall Art | Unframed Canvas Art Print | 18 inch x 46 inch | Enclosure Material:Canvas Art Print                                                                                 |                            Size:18"" x 46"" Art Print Only   Giclée art from Creative team of Art Dior. Printed by dedicated art printer on Epson 9900 on very specialized coated canvas to bring out brush stroke details, brilliance of colors, dimensional stability and lasting colors for archival use. Add soul to your walls, add volumes of euphoric feel once properly framed and displayed on Living, Drawing & Dining Room, Gallery, Hotels, Bar, Lounge, Restaurants, Office, Reception, Kitchen Area, Bathroom. Packed with utmost care for mint fresh condition delivery. Art prints are of very specialized fine ink quality and color gamut to maintain color depth and brilliance, direct sunlight should be avoided. Please confirm size before placing any order. TERMS & CONDITIONS BEFORE PLACING YOUR ORDER: 1. Product colours remains closest to as shown in the product image but may vary slightly when viewed on different monitors or screens. Please check product specifications and size thoroughly before placing your order. 2. If buyer wants to return the product, then return courier charges will be borne by the buyer. 3. Refund process will be Initiated only when the vendor gets custody of the returned product in it's orignal packaging & labels. 4. Refund will only be initated if there is a manufacturing defect or if the product was damaged in transit. No refunds will be initiated if the product returned is physically or chemically tampered with. 5. Framed Art Prints will only be compensated if damaged in transit."
Household,"SAF 'UV Textured Modern Art Print Framed' Painting (Synthetic, 35 cm x 50 cm x 3 cm, Set of 3) Color:Multicolor                                                                                 |                            Size:35 cm x 50 cm x 3 cm   Overview a beautiful painting involves the action or skill of using paint in the right manner; hence, the end product will be a picture that can speak a thousand words they say. Arts have been in trend for quite some time now. It can give different viewer different meanings style and design the SAF wood matte abstract painting with frame is quite abstract and mysteriously beautiful. The painting has a nice frame to it. You can gift this to a family or a friend. The painting has various forms of certain figures on it as seen in the image. You can add a good set of lights to the place where the painting is and the decor will give a different feel and look to the place. Quality and durability the painting has a matte finish and includes a good quality frame and will last for a long period. However, it does not include glass along with the frame. Specifications you can purchase SAF wood matte abstract painting with frame on amazon.in. It is the most customer-friendly platform with a wide range of products to choose from, and shopping is just a click away!"
Household,"SAF 'Floral' Framed Painting (Wood, 30 inch x 10 inch, Special Effect UV Print Textured, SAO297) Painting made up in synthetic frame with UV textured print which gives multi effects and attracts towards it. This is an special series of paintings which makes your wall very beautiful and gives a royal touch (A perfect gift for your special ones)."
Household,"Incredible Gifts India Wooden Happy Birthday Unique Personalized Gift (5 X 4 Inch) Size:4 x 5   Made Of Natural Imported Wood, Which Is Quite Solid With Light Particle Pattern & Is Soft Pale To Blond Colour. Your Uploaded Photo Will Look Amazing And Beautiful After Laser Engraving On It. This Is One Of The Most Popular Unique Gifts In Our Store. We Offer This In Multiple Sizes, Some Can Be Used As Table Top And The Big Sizes Can Be Used As Wall Hanging Which Just Blends With Your Home Decaration. You Just Need To Upload A Picture And Add Your Own Text And We Will Do The Rest For You. We Will Email You The Preview Before Making The Final Product. Do You Want The Best Moment Of Your Life To Be Engraved On A Wooden Plaque That Lasts For A Longer Time And Stays Close To You Forever? Then You Are At The Right Place. We Present To You Various Sizes Personalized Engraved Wooden Plaques Made With Birch Wood. Let Your Memories Be Engraved On Wooden Plaques And Stay With Your Forever."
Household,"Posterhouzz Comics Superhero Thor Joker Black Panther Ultron Daredevil Deadpool Flash STA. Fine Art Paper Print Poster_** ABO397 Creative, digitally printed paper posters for your home or office. Funny, inspiring and lovable designs to choose from. This Poster Is for framing. Spruce up your home with a fantastic of Wall Art from Posterhouzz."
Household,"Indianara Motivational Square Synthetic Wood Art Painting (23 cm x 23 cm x 6 cm, Set of 4, Multicolor)"
Books,Environment
Books,"AFCAT - The First Step Book AFCAT - The First Step Book – 2018 consists of 4 comprehensive sections with a lot of practice questions to make you competent enough for the exam. -General Knowledge -Numerical Ability -Verbal Ability in English -Reasoning and Military Aptitude. The general awareness section covers 1000+ questions on current affairs, sports, defence, history, geography, general politics, basic science, arts and culture etc. Solve your numerical questions with amazing tricks which helps you to approach all the variants so that you can answer them with ease. The verbal ability section also covers logics, approach & practice set to be confident enough in English. The reasoning and military aptitude section includes verbal and non-verbal reasoning, spatial ability, rotated blocks, hidden figures etc. and will help you know all variants of questions asked."
Books,"Pathfinder for NDA & NA National Defence Academy Naval Academy Entrance Examination About the Author An editorial team of highly skilled professionals at Arihant, works hand in glove to ensure that the students receive the best and accurate content through our books. From inception till the book comes out from print, the whole team comprising of authors, editors, proof-readers and various other involved in shaping the book put in their best efforts, knowledge and experience to produce the rigorous content the students receive. Keeping in mind the specific requirements of the students and various examinations, the carefully designed exam oriented and exam ready content comes out only after intensive research and analysis. The experts have adopted whole new style of presenting the content which is easily understandable, leaving behind the old traditional methods which once used to be the most effective. They have been developing the latest content and updates as per the needs and requirements of the students making our books a hallmark for quality and reliability for the past 15 years."
Books,"Let's Crack AFCAT - Air Force Common Admission Test [Free eBook Inside] AFCAT Book by SSBCrack. This AFCAT exam preparation book from SSBCrack contains latest AFCAT 2018 solved questions paper (in ebook) and AFCAT 1 2017 and AFCAT 2 2017 fully solved question papers. We at SSBCrack proudly present our new edition of AFCAT book with latest AFCAT questions papers from 2017- 2018. And what really is a better way to live life with pride and honour and sacrifice it in time of need with valour and dignity? The Indian Air Force gives you one of the best and finest career opportunities one can come across – you get to fly the best machines in the world, you get to make use of the cutting-edge technologies there are, you get to be a part of the best-in-class organisation and much more, all while serving the nation and giving your bit to it. The Air Force have thrown many laurels to the Air Warriors since its inception – from Wing Commander Rakesh Sharma, the first Indian in space to Marshal of the Air Force Arjan Singh, everyone has had the adventure and experience which came by them along with innumerable achievements including a Param Vir Chakra to Flying Officer Nirmaljit Singh Sekhon. Your decision to join the Air Force is an achievement in itself, and by choosing this book you have made concrete your dream of becoming an Air Warrior through AFCAT. You can find various other possible entries to join the Air Force in this book. This book contains the best material to prepare for AFCAT in an easy-to-grasp-and- remember way. The blueprint at the beginning of the book makes the approach towards AFCAT preparation easier and narrower. Our tabulated approach towards the topics makes remembering the points and recalling it easier than any other AFCAT book in the market. Now your search for an apt book is over and we hope you make the best of this book. Good Luck."
Books,Environment
Books,"SSB Interview: The Complete Guide About the Author Dr. (Cdr.) N.K. Natarajan has an experience of over 25 years in the Indian Navy and a three year stint as a Group Testing Officer at the Selection Center in Bhopal. In addition to serving in the navy, he also holds a degree in management and a doctorate in psychology. He has helped assess more than 1500 candidates during his term as a selection officer. 				    	 				        	--This text refers to the Kindle Edition edition."
Books,"Let's Crack SSB Interview This SSB Interview book by SSBCrack.com is an insight to the procedure adapted at Service Selection Boards, for the selection into the Indian Armed Forces. This is the new edition of Let's Crack SSB interview, the best selling SSB interview book for NDA, AFCAT, CDS and all other Army, Navy and Air Force SSB AFSB Interview. Certainly, if you are reading this, you, or somebody you know, is an Armed Forces’ aspirant. Pick this one, and we promise you won’t regret buying it. This book is unique in many ways. Right from defining the procedure of SSB interview in a different manner, to having exclusive articles, contents and points related to Armed Forces. The book will in all possible ways, guide you in the right direction of glory. Highlights Of This Book: 1) SSB interview in a redefined manner. 2) Success mantra for each task. 3) Exclusive content for SSB repeaters. 4) Experience of successful recommended candidates. 5) Articles on personality development. 6) Numerous TAT WAT SRT SD Examples."
Books,"Combined CDS (OTA) Book “Combined CDS (OTA) Book Paperback – 2018 "" is specially designed for the CDS exam. The book is based on the exact pattern of the examination as conducted by the UPSC. ENGLISH section contains English Grammar, Logics on spotting error, fill-ups, sentence improvement, approach to the ordering of sentence & jumble words. It has a list of most important Antonym-Synonym and Solved Practice set. General Knowledge section covers Both Indian and World Geography, ancient & medieval History including Independence era, Absolute description of Politics, civics and every important information on Indian Defence which is likely to be asked in your exams. In addition, it covers Practical science & general science which is extremely helpful for those from Non-science background. This book will really help the students in developing the required Speed and Strike Rate, which will increase their final score in the exam. The Book contains latest pattern 600+ most important MCQs with simple techniques and a huge collection of solved questions. ""THIS BOOK IS FOR OTA ASPIRANTS ONLY & DOES NOT CONTAIN MATHEMATICS"""
Books,"International Relations About the Author Pavneet Singh has been teaching in Vajiram and Ravi IAS Institute, the premier IAS coaching institute of the country, since 2013, in the capacity of an instructor in International Relations. He has successfully guided numerous successful IAS aspirants for the past many years and has garnered all the experiences of his teaching years in this comprehensive text."
Books,"AFCAT - The First Step Book AFCAT - The First Step Book – 2018 consists of 4 comprehensive sections with a lot of practice questions to make you competent enough for the exam. -General Knowledge -Numerical Ability -Verbal Ability in English -Reasoning and Military Aptitude. The general awareness section covers 1000+ questions on current affairs, sports, defence, history, geography, general politics, basic science, arts and culture etc. Solve your numerical questions with amazing tricks which helps you to approach all the variants so that you can answer them with ease. The verbal ability section also covers logics, approach & practice set to be confident enough in English. The reasoning and military aptitude section includes verbal and non-verbal reasoning, spatial ability, rotated blocks, hidden figures etc. and will help you know all variants of questions asked."
Books,"Let's Crack SSB Interview This SSB Interview book by SSBCrack.com is an insight to the procedure adapted at Service Selection Boards, for the selection into the Indian Armed Forces. This is the new edition of Let's Crack SSB interview, the best selling SSB interview book for NDA, AFCAT, CDS and all other Army, Navy and Air Force SSB AFSB Interview. Certainly, if you are reading this, you, or somebody you know, is an Armed Forces’ aspirant. Pick this one, and we promise you won’t regret buying it. This book is unique in many ways. Right from defining the procedure of SSB interview in a different manner, to having exclusive articles, contents and points related to Armed Forces. The book will in all possible ways, guide you in the right direction of glory. Highlights Of This Book: 1) SSB interview in a redefined manner. 2) Success mantra for each task. 3) Exclusive content for SSB repeaters. 4) Experience of successful recommended candidates. 5) Articles on personality development. 6) Numerous TAT WAT SRT SD Examples."
Books,Engineers Exclusive Current Affairs Made Easy Annual Edition 2018 (UPSC Engineering Services Preliminary Examination 2019)
Books,"Indian Navy Secondary SSR Guide 2018 About the Author An editorial team of highly skilled professionals at Arihant, works hand in glove to ensure that the students receive the best and accurate content through our books. From inception till the book comes out from print, the whole team comprising of authors, editors, proofreaders and various other involved in shaping the book put in their best efforts, knowledge and experience to produce the rigorous content the students receive. Keeping in mind the specific requirements of the students and various examinations, the carefully designed exam oriented and exam ready content comes out only after intensive research and analysis. The experts have adopted whole new style of presenting the content which is easily understandable, leaving behind the old traditional methods which once used to be the most effective. They have been developing the latest content and updates as per the needs and requirements of the students making our books a hallmark for quality and reliability for the past 15 years."
Books,Environment Revised Edition
Books,"Indian Coast Guard Navik General Duty Guide 2018 About the Author An editorial team of highly skilled professionals at Arihant, works hand in glove to ensure that the students receive the best and accurate content through our books. From inception till the book comes out from print, the whole team comprising of authors, editors, proofreaders and various other involved in shaping the book put in their best efforts, knowledge and experience to produce the rigorous content the students receive. Keeping in mind the specific requirements of the students and various examinations, the carefully designed exam oriented and exam ready content comes out only after intensive research and analysis. The experts have adopted whole new style of presenting the content which is easily understandable, leaving behind the old traditional methods which once used to be the most effective. They have been developing the latest content and updates as per the needs and requirements of the students making our books a hallmark for quality and reliability for the past 15 years."
Books,"General Knowledge Capsule 2019  with Current Affairs Update About the Author Disha Experts is a team of most renowned and prolific content writers pioneering in School and Test Prep segments (Competitive Exams & Government Vacancies). It consists of more than 30 experts comprising of PhDs, B-Techs, PGs, etc. working full-time with decades of experience in various academic and competitive exam verticals. Disha Experts has emerged as a think tank in the School and Test Prep segments providing the most updated (latest pattern & syllabus-wise) to-the-point student friendly (relevant & easy-to-understand presentation) content such that the aspirants can give their best."
Books,"Combined CDS (OTA) Book “Combined CDS (OTA) Book Paperback – 2018 "" is specially designed for the CDS exam. The book is based on the exact pattern of the examination as conducted by the UPSC. ENGLISH section contains English Grammar, Logics on spotting error, fill-ups, sentence improvement, approach to the ordering of sentence & jumble words. It has a list of most important Antonym-Synonym and Solved Practice set. General Knowledge section covers Both Indian and World Geography, ancient & medieval History including Independence era, Absolute description of Politics, civics and every important information on Indian Defence which is likely to be asked in your exams. In addition, it covers Practical science & general science which is extremely helpful for those from Non-science background. This book will really help the students in developing the required Speed and Strike Rate, which will increase their final score in the exam. The Book contains latest pattern 600+ most important MCQs with simple techniques and a huge collection of solved questions. ""THIS BOOK IS FOR OTA ASPIRANTS ONLY & DOES NOT CONTAIN MATHEMATICS"""
Books,The new AFCAT Guide with 14 Year-wise Past Papers (2011 - 2018)
Books,"Indian Navy Secondary SSR Guide 2018 About the Author An editorial team of highly skilled professionals at Arihant, works hand in glove to ensure that the students receive the best and accurate content through our books. From inception till the book comes out from print, the whole team comprising of authors, editors, proofreaders and various other involved in shaping the book put in their best efforts, knowledge and experience to produce the rigorous content the students receive. Keeping in mind the specific requirements of the students and various examinations, the carefully designed exam oriented and exam ready content comes out only after intensive research and analysis. The experts have adopted whole new style of presenting the content which is easily understandable, leaving behind the old traditional methods which once used to be the most effective. They have been developing the latest content and updates as per the needs and requirements of the students making our books a hallmark for quality and reliability for the past 15 years."
Books,"Pathfinder for NDA & NA National Defence Academy Naval Academy Entrance Examination About the Author An editorial team of highly skilled professionals at Arihant, works hand in glove to ensure that the students receive the best and accurate content through our books. From inception till the book comes out from print, the whole team comprising of authors, editors, proof-readers and various other involved in shaping the book put in their best efforts, knowledge and experience to produce the rigorous content the students receive. Keeping in mind the specific requirements of the students and various examinations, the carefully designed exam oriented and exam ready content comes out only after intensive research and analysis. The experts have adopted whole new style of presenting the content which is easily understandable, leaving behind the old traditional methods which once used to be the most effective. They have been developing the latest content and updates as per the needs and requirements of the students making our books a hallmark for quality and reliability for the past 15 years."
Books,"NTA NEET 101 Speed Tests (96 Chapter-wise + 3 Subject-wise + 2 Full) About the Author Disha Experts is a team of most renowned and prolific content writers pioneering in School and Test Prep segments (Competitive Exams & Government Vacancies). It consists of more than 30 experts comprising of PhDs, B-Techs, PGs, etc. working full-time with decades of experience in various academic and competitive exam verticals. Disha Experts has emerged as a think tank in the School and Test Prep segments providing the most updated (latest pattern & syllabus-wise) to-the-point student friendly (relevant & easy-to-understand presentation) content such that the aspirants can give their best."
Books,"39 JEE Main Chemistry Online (2018-2012) & Offline (2018-2002) Chapter-wise + Topic-wise Solved Papers About the Author Disha Experts is a team of most renowned and prolific content writers pioneering in School and Test Prep segments (Competitive Exams and Government Vacancies). It consists of more than 30 experts comprising of PhDs, B-Techs, PGs, etc. working full-time with decades of experience in various academic and competitive exam verticals. Disha Experts has emerged as a think tank in the School and Test Prep segments providing the most updated (latest pattern and syllabus-wise) to-the-point student friendly (relevant and easy-to-understand presentation) content such that the aspirants can give their best."
Books,Target VITEEE - Past 12 Years (2017-2006) Solved Papers + 10 Mock Tests
Books,41 Years (1978-2018) JEE Advanced (IIT-JEE) + 17 yrs JEE Main Topic-wise Solved Paper Physics
Books,"35 JEE Main Online & Offline Physics, Chemistry & Mathematics Topic-wise Solved Papers "
Clothing & Accessories,"Janasya Women's Cotton Lycra Stretchable Readymade Blouse Janasya represent designer blouse, brand is known for its wide range of classy ethnic wear collection for women. Exclusively constructed with absolute perfection this blouse comes with half sleeves and round neckline, this blouse is having contrasting classy plain/solid pattern. This charming blouse will surely fetch you compliments for your rich sense of style. can fit a wide size range between 28""-36"". its a cotton lycra stretchable blouse."
Clothing & Accessories,STUDIO SHRINGAAR LATEST PURE COTTON BLUE PRINTED WOMENS SAREE BLOUSE JAIPURI BLOCK WITH BOAT NECK AND ELBOW LENGTH SLEEVES.
Clothing & Accessories,"Studio Shringaar Crystal Blouse A rich faux silk blouse with a golden crystal yoke. This blouse opens from the back. Co ordinated tassels are attached at the back. It has a trendy boat neck and fits very well. Available in many sizes and colours. This blouse has pure cotton lining and hence is very comfortable to wear. Ideal to wear to a wedding or similar party. Matches sarees of most colours, can even be worn with a contrast saree."
Clothing & Accessories,"STUDIO SHRINGAAR WOMEN'S BENARAS BROCADE SAREE BLOUSE WITH BOAT NECK -JHUMKA DESIGN THIS BLOUSE IS MADE OF RICH BENARAS BROCADE FABRIC AND LINED WITH PURE COTTON FOR EXTRA COMFORT , IT OPENS FROM THE BACK AND HAS ELBOW LENGTH SLEEVES . IT HAS A BOAT NECK . THE BEST WAY TO SELECT YOUR CORRECT SIZE IS TO ADD 2 TO YOUR BRA SIZE , EXAMPLE IF YOUR BRA SIZE IS 36 THEN YOU SHOULD ORDER A SIZE 38 ( OR SMALL) AND SO ON. THE FABRIC IS SOFT AND THE COLOUR WILL NEVER BLEED."
Clothing & Accessories,"Fressia Fabrics Women's Stretchable Readymade Saree Blouse Crop Top Choli Pack of 3 Fressia Fabrics Readymade Saree Blouse Is Made Of Premium Quality Lycra. Flaunt A Nonchalant Look Wearing This Saree Blouse By Fressia Fabrics Made Of Premium Quality Lycra, This Blouse Is Highly Comfortable And A Perfect Pick Of The Any Season. Pair This Blouse With A Lovely Georgette Saree And Be The Showstopper.It Can Fit To A Wide Size Range (28""-38"")Now A Days, Readymade Stretchable Blouses Are In Trend.It Is Having Stetchable Material Available In Free Size (28""-38"")Inches.You Can Get Variety Of Designs In Stretchable Blouse From Our Store.Gone Are The Days When Ladies Give Blouse Pieces To Tailors And Ladies Had To Thought Much About Which Pattern To Select For Her Blouse.These Blouses Are Available In Various Color Options To Our Customers In Shortest Delivery Timings As Well As In Customized Patterns At Reasonable Prices. We Are Selling As Per Our Customer Requirement .If You Need Any Customize Combos You Can Message Us We Will Add That For You Exclusively On Fressia Amazon Store.ITS A SUPER SAVER PACK OF 3 READYMADE BLOUSES."
Clothing & Accessories,Fressia Fabrics Women's Cotton Saree Blouse (Ch_100Master)
Clothing & Accessories,Studio Shringaar Brocade Silk Must Have Saree Blouse available in Vibrant Colours. Studio Shringaar Blouses are made from the finest materials and give you the most comfortable fit. These ethnic saree blouses also have a modern look that makes it perfect for every woman. Pair these with any saree and be the center of attention. Every Lady there will want to ask you where you got it!! Perfect for day or evening functions.
Clothing & Accessories,STUDIO SHRINGAAR WOMEN'S BROCADE AND SILK READYMADE SAREE BLOUSE WITH BOAT NECK AND ELBOW LENGTH SLEEVES THIS IS A FASHIONABLE READY TO WEAR SAREE BLOUSE . IT CAN BE WORN WITH ANY CONTRAST OR SELF COLOURED SAREE. THIS BLOUSE HAS ELBOW LENGTH SLEEVES AND A BOAT NECK . TEAM IT WITH A SOLID COLOUR SAREE FOR BEST RESULTS. AVAILABLE IN SIZE. EACH STUDIO SHRINGAAR BLOUSE HAS MARGINS INSIDE TO INCREASE THE SIZE A BIT.
Clothing & Accessories,"PerfectBlue Cotton Silk Saree with Blouse Piece New Designer Cotton Silk Saree Collection. Weaving Technique For Yarn is Machine. The master weavers of cotton sarees use the looms, the plain weaved white material saree was originally designed from Gold yarn and Embroidery withh golden thread in to saree and Zari border is sure to add oodles of grace and vibrant colors to your personality. These sarees are perfect for occasions and events anytime of the day or night. Note If you follow these simple steps, taking care of your saree is very easy. It's recommended to handle the saree with care and hence only dry clean and wash in cold water. Never dry your saree in direct sunlight While ironing, keep the iron on medium heat and apply very little pressure. For best results, use a steam iron. Disclaimer: Our all products has been passed QC check process and Product shouldn't be neither damaged nor defective in any way. Product image is Modelling done by professional with best contrast and background so we may feel slight colour or style variation."
Clothing & Accessories,Studio Shringaar Golden Booti Round Neck Readymade Blouse With Elbow Length Sleeves And Golden Pearl Tassel A BEAUTIFUL SILKY BLOUSE WITH WOVEN GOLDEN BOOTIS. THIS BLOUSE HAS ELBOW LENGTH SLEEVES AND IS LINED WITH PURE COTTON FABRIC FOR COMFORT. IT IS AVAILABLE IN 5 BRIGHT COLOURS AND IS STITCHED READY TO WEAR. THE OUTER FABRIC IS POLYESTER. THIS BLOUSE OPENS FROM THE FRONT AND IS COMFORTABLE TO WEAR. THERE ARE FITTING STRINGS AT THE BACK WITH PEARL ENDS TO ADJUST THE SHOULDER IN CASE IT DROOPS. EVERY BLOUSE HAS 2 INCHES OF MARGIN TO EXTEND THE SIZE IN CASE YOU NEED TO. THE EDGING IS GOLDEN IN COLOUR TO MATCH THE BLOUSE WITH SAREES AND JEWELLRY.
Clothing & Accessories,CDPL Express Present Women's Cotton Free Size Full Sleeve Readymade Net Saree Blouse
Clothing & Accessories,"Spangel Fashion Sequence Work Round Neck Women's Ready Made Saree's Blouse Abhi Lao, Abhi Pehno!! ABHI Ready to wear stitched-blouses are excellent in comfort and fittings. They are made to match your outfit and fit your shape, giving you stylish and lovely look instantly. Made with High Quality Fabrics , ABHI is the perfect shape-wear and second skin for women. Get smart, get gorgeous, get ABHI.Abhi Lao, Abhi Pehno!! ABHI Ready to wear stitched-blouses are excellent in comfort and fittings. They are made to match your outfit and fit your shape, giving you stylish and lovely look instantly. Made with High Quality Fabrics , ABHI is the perfect shape-wear and second skin for women. Get smart, get gorgeous, get ABHI."
Clothing & Accessories,STUDIO SHRINGAAR WOMEN'S BROCADE SLEEVE READYMADE SAREE BLOUSE WITH ROUND NECK
Clothing & Accessories,Studio Shringaar Women's Polyester Back Button Saree Blouse
Clothing & Accessories,Kanchnar Women's Cotton Silk Gold stripes Kota Doria Saree Look elegantly Stylish in the traditional Indian Sarees from the Latest Fashion Saree collection. The exquisite range of sarees from the collection is great choice of outfit for party wear.
Clothing & Accessories,"PerfectBlue Cotton Silk Saree with Blouse Piece New Designer Cotton Silk Saree Collection. Weaving Technique For Yarn is Machine. The master weavers of cotton sarees use the looms, the plain weaved white material saree was originally designed from Gold yarn and Embroidery withh golden thread in to saree and Zari border is sure to add oodles of grace and vibrant colors to your personality. These sarees are perfect for occasions and events anytime of the day or night. Note If you follow these simple steps, taking care of your saree is very easy. It's recommended to handle the saree with care and hence only dry clean and wash in cold water. Never dry your saree in direct sunlight While ironing, keep the iron on medium heat and apply very little pressure. For best results, use a steam iron. Disclaimer: Our all products has been passed QC check process and Product shouldn't be neither damaged nor defective in any way. Product image is Modelling done by professional with best contrast and background so we may feel slight colour or style variation."
Clothing & Accessories,Indira Designer Women's Art Mysore Silk Saree With Blouse Piece (Star-Red) This Saree Is Of Art Mysore Silk & Comes With Blouse Piece.
Clothing & Accessories,ANNI DESIGNER Silk Saree with Blouse Piece
Clothing & Accessories,Indira Designer Women's Cotton Saree With Blouse Piece (Free Size)
Clothing & Accessories,Anni Designer Silk Saree with Blouse Piece
Clothing & Accessories,ANNI DESIGNER Silk Saree with Blouse Piece
Clothing & Accessories,"Fabwomen Silk Saree with Blouse Piece (Fab1841_Green_Free Size) sarees zari work Green and mustard coloured Kanjeevaram silk fashion party wear women's saree/sari with blouse piece. A woman dressed in a traditional reminds Me of the poem she walks in beauty like the night... get a bloom this season with . This is the best way to really stand out from the crowd. We are Presenting you one of the most impressive fancy cotton silk saree from our collection. It means there are clothes for varying age group and fashion sensibilities. Sometimes the latest designer sarees themselves provide the inspiration for trends in Indian fashion that last for many years. One can also accessorize using the blouse pattern. This saree will give you a trendy look, made it luxurious with beautifully designed sarees blouse covered with eye-catching patterns. Nobody comes close to us in terms of the designs and material used. Dedicated designing and market research teams ensure that the designs are modern and contemporary. The production team ensures that the cloth used goes through the utmost quality process. This is also a good choice for gifting to your loved ones. Fabric-cotton silk saree with zari work. With blouse piece yes size & fit: length: over 5.5 meters + blouse piece: 80 cm."
Clothing & Accessories,"ANNI DESIGNER Art Decor Mysore Silk Saree with Blouse Piece Art Decor Mysore Silk Festive wear Saree with Blouse Piece. Saree Length : 5.5 Mtr, Blouse Length : 0.80 Mtr"
Clothing & Accessories,"Anand Sarees Georgette Saree with Blouse Piece (1341_Multicoloured_Free size) Product is sold by Anand Sarees, one of the old manufacturing company of Surat. Anand Sarees offers the product at such a low price because they do the end to end process to manufacture a saree, their belief is to provide value for the product, customer satisfaction is the utmost priority of this company. Material: Faux georgette; Saree Length: 5.25cm; Blouse Length : 0.75cm; Saree Width : 44 inch; the color may vary due to screen setting."
Clothing & Accessories,Indira Designer Women's Multi-Color Mysore Silk With Tessals Saree With Blouse Piece
Electronics,ERD AD-22 8 Channel Power Supply for CCTV Cameras (White) ERD AD-22 8 Channel Power Supply for CCTV Cameras. It uses advanced technology that ensures improved energy density. It comes with overload protection which provides safety from external attacks.
Electronics,"Radical Professional Scientific 1.3Mega Pixel CMOS Camera with Customized Optical Adapter for ANY Microscope and Camera Control and Measuring Software Dedicated Microscopy Scientific Camera Camera Control w Software FREE Life Time Upgrade on Drivers & Software Programmable Live and Capture Resolution True Color reproduction User Friendly Software C-Mount Optical Interface High Quality Rugged Metal Casing Fin Type Design for Heat Dissipation Customized Optical Adapter to fit ANY Microscope Contact us with your Microscope Type for FREE Adapter Design Still Image and Video Recording Measurement Tools ProCAM 130 Sensor Micron Sensor type MT9M11 Sensor size 1/3 inch Pixels 3.6?mX 3.6?m Resolution 1280H X 1024V Filter RGB Bayer Lens interface C/CS mount Maximum fps 15 fps (1280*1024) 30fps (640*480) RGB Conversion 8 bit Exposure control automatic/ manual Exposure time 1ms-0.3S White balance automatic/ manual Scan mode progress Shutter electronic rolling shutter Sensitivity 1.0V/Lux-S(550nm) S/N Ratio 44dB Dynamic range >71dB Controlling image size, bright, gain, exposure time, color Data interface USB2.0/480Mb/s USB cable 1.8 meter Supply electricity USB2.0 Operational temperature 0-60? Operational humidity 45%-85% Storage temperature -20-70? Mac compatible Yes"
Electronics,Lucid Lemons Memory Card Adapter Converter Jack This adaper is useful to use your micro-sd card as a sd card allowing you to use your micro sd card in your camera or laptop.
Electronics,"MBro 12 Volt 2 A 24W DC Power Adapter for CCTV Camera, Router, Modem, LED Strip Light with Ferrite Bead Specifications: -Type:12V 2A -Input: 100-240V AC 50/60Hz -Output : 12V 2.0A -Dimensions:80(L) x 45(W) x 30(H) mm -Condition: Brand New 100% Applications: For the Security Cameras, Led Strip, Led string lights, Wireless Router, ADSL Cats, HUB, Switches.Audio/Video Power Supply. package list: 1 X MBRO 12V 2A AC Power Adapter with Ferrite Bead for quality output."
Electronics,"Generic Adjustable Swivel Angle Ball 1/4"" Hot Shoe Mount Adapter Holder Camera Video Description:100% brand new and high qualityThis Hot Shoe Adapter has a?1/4?inch threaded stud on the bottom and flash shoe on the top.1/4"" Hot Shoe Adapter Cradle Ball Head with Lock for?LED Light Flash Camera Tripod Bracket Holder MountPerfect for an auxiliary flash or accessory.Works ideally with any tripod or stand with 1/4 inch socketFor Camera Camcorder PTZ Telescope, SLR Camera Camcorder Canon Nikon Olympus and So onEasy to use and durable1/4 inch Threaded StudMaterial: anodized aluminum metalSize: approx 55x20x20mmColor: BlackPackage includes:1x 1/4 Tripod Screw To Hot Shoe Adapter Mount"
Electronics,"IFITech 1080p HD Hidden Camera, Plug USB Charger, 64GB SD Card Support, 2 Mode Recording, Nanny cam Product description  The camera looks like a small one phone charger adapter, Of course, you can use it as a normal charging adapter. No matter where you plug it, no one can notice it is a camera. You can use it as a hidden home security camera Or hide it to catch fun picture Our Charger Camera Advantages *FULL HD 1080P Image *Smart Motion Detection *Very Very Easy to Use *Loop Record *IFITech After-Sale Service Specification: *Video Format: AVI *Video Code: M-JPEG *Resolution: 1920*1080P *Proportion: 16:9 *Motion Detection: Support *Lasting record: Support *Battery: NO *Loop Record: YES *Import Voltage: DC-5V Storage Support: Max up to 128GB Support System: Windows/Mac Os/Linux Package Includes  1 x Charger Camera 1 x USB Cable 1x User Manual"
Electronics,SanDisk 32GB Class 10 Micro SDHC Memory Card with Adapter (SDSQUAR-032G-GN6MA) Size name:32 GB   Water proof
Electronics,SanDisk 32GB Class 10 Micro SDHC Memory Card with Adapter (SDSQUAR-032G-GN6MA) Size name:32 GB   Water proof
Electronics,"Generic Pro 1/4"" Mount Adapter for Tripod Screw to Flash Hotshoe Description:  This adapter permits the devices with standard 1/4"" screw hole to be installed on flash hot shoe slot It includes 2 nuts which can be adjusted You can install a Nikon SC-28 flash sync cord onto VH2000 camera flash bracket grip You can install CTR-301P, RF602 onto flash shoe umbrella holder stand bracket You can also connect 2 cameras together by using this adapter Material: Metal Total Length: Approx. 27mm Nut Diameter: Approx. 25mm Color: Black   Package Includes:  1 x 1/4"" tripod screw to flash shoe mount"
Electronics,"Samsung EVO Plus Grade 1, Class 10 32GB MicroSDHC 95 MB/S Memory Card with SD Adapter (MB-MC32GA/IN) More space and higher speed. Free up your devices with the largest capacity and highest read speed in its class, perfect for Full HD video. With astonishing performance and reliability, EVO Plus lets you save and treasure the richness of life.Record and play Full HD video without glitches. With superfast read speed up to 95 MB/s, the 32 GB EVO Plus lets you transfer a 3 GB video to your notebook in just 38 seconds.Shoot flawless high quality photos and videos, and share them all in an instant.Never worry about space again. A memory of 32 GB is enough for 4 hours of Full HD video, 6 hours of HD video, or 7,500 photos.So go ahead and savor all of what life has to offer, and keep it all too."
Electronics,SanDisk 128GB Class 10 microSDXC Memory Card with Adapter (SDSQUAR-128G-GN6MA) Size name:128 GB   Water proof
Electronics,SanDisk Ultra A1 16GB Class 10 Ultra microSD UHS-I Card with Adapter (SDSQUAR-016G-GN6MA) Size name:16 GB   The SanDisk ultra microSDXC UHS-I card is perfect for recording and watching full HD video
Electronics,ERD AD-22 8 Channel Power Supply for CCTV Cameras (White) ERD AD-22 8 Channel Power Supply for CCTV Cameras. It uses advanced technology that ensures improved energy density. It comes with overload protection which provides safety from external attacks.
Electronics,"Generic Pro 1/4"" Mount Adapter for Tripod Screw to Flash Hotshoe Description:  This adapter permits the devices with standard 1/4"" screw hole to be installed on flash hot shoe slot It includes 2 nuts which can be adjusted You can install a Nikon SC-28 flash sync cord onto VH2000 camera flash bracket grip You can install CTR-301P, RF602 onto flash shoe umbrella holder stand bracket You can also connect 2 cameras together by using this adapter Material: Metal Total Length: Approx. 27mm Nut Diameter: Approx. 25mm Color: Black   Package Includes:  1 x 1/4"" tripod screw to flash shoe mount"
Electronics,"Zeffcon - MicroSD to SD SDHC Memory Card Adapter Converter Jack (Black) Zeffcon - MicroSD MicroSDHC to SD SDHC AdapterNeed to use your micro SD card in an SD card slot? This SanDisk micro SD to SD memory card adapter is designed for use in devices with a standard Secure Digital slot!It features a built-in write protection switch to keep your data safe! Order today!Features/Specifications: SanDisk micro SD to SD Memory Card AdapterGeneral Features: micro SD to SD card adapter Built-in write protection switch For use in devices with a standard Secure Digital slotUnit Dimensions:1.25 x 0.9 x 0.1-inches (H x W x D, approximate)Package Includes: SanDisk micro SD to SD Memory Card AdapterNotes:Only Adapter , no memory card is provided"
Electronics,Lucid Lemons Memory Card Adapter Converter Jack This adaper is useful to use your micro-sd card as a sd card allowing you to use your micro sd card in your camera or laptop.
Electronics,"Samsung EVO Plus Grade 1, Class 10 32GB MicroSDHC 95 MB/S Memory Card with SD Adapter (MB-MC32GA/IN) More space and higher speed. Free up your devices with the largest capacity and highest read speed in its class, perfect for Full HD video. With astonishing performance and reliability, EVO Plus lets you save and treasure the richness of life.Record and play Full HD video without glitches. With superfast read speed up to 95 MB/s, the 32 GB EVO Plus lets you transfer a 3 GB video to your notebook in just 38 seconds.Shoot flawless high quality photos and videos, and share them all in an instant.Never worry about space again. A memory of 32 GB is enough for 4 hours of Full HD video, 6 hours of HD video, or 7,500 photos.So go ahead and savor all of what life has to offer, and keep it all too."
Electronics,SanDisk Ultra A1 16GB Class 10 Ultra microSD UHS-I Card with Adapter (SDSQUAR-016G-GN6MA) Size name:16 GB   The SanDisk ultra microSDXC UHS-I card is perfect for recording and watching full HD video
Electronics,"BlueRigger High Speed Mini HDMI to HDMI cable with Ethernet (10 Feet / 3 Meters) Size name:10FT   Mini HDMI to HDMI Connecting Cable Enjoy watching the 4K HD videos captured with your digital camera or camcorder on your big HD television screen. The BlueRigger High Speed Mini HDMI to HDMI Cable with Ethernet (10 Feet / 3 Meters) features an HDMI A and an HDMI C Type connectors allowing you to sync your game consoles, digital cameras, camcorders and other mini HDMI devices with your standard HDMI gadgets like your HD TV or PC. You can playback the up to 4K HD videos and images shot with your digital cameras and view these in high-definition crystal-clarity, crispness and vibrant picture on your HD TV/PC. The audio quality is also impressive as this High Speed Mini HDMI to HDMI Cable with Ethernet supports an uncompressed multichannel digital sound to give you a complete audio-visual entertainment. High Durability Quotient The High Speed Mini HDMI to HDMI Cable with Ethernet (10 Feet / 3 Meters) is a fully shielded 30 gauge superior-grade cord that allows you a safe use and provides the cable a high durability. The metallic jacket connector of this Mini HDMI to HDMI Cable makes a strong, reliable and interference-free connection between your e-gadgets so that there is no signal drop-out to halt your multimedia enjoyment in the middle unexpectedly. The long 10 ft/3 m cable is also flexible and easy-to-use giving you the liberty to place your home entertainment set-up devices anywhere you like."
Electronics,"BOYA by-MM1 Universal Cardiod Shotgun Microphone Mini Mic for iOS iPhone 8 8 Plus 7 7 Plus 6 6s Mac iPad Tablet Canon Nikon DSLR Camera Camcorder BOYA BY-MM1 Mini Shotgun Mic The BOYA BY-MM1 is a cardioid microphone, which specially design to improve the sound quality of videos on the basis of build-in microphones. With both TRS cable and TRRS output cable included, it can be used on Smartphones, cameras, camcorders, audio recorders, PCs, and other audio/video recording devices. BY-MM1 comes out in compact size and light weight aluminium constructure , it will not be a heavy burden while shooting. Included inside with an anti-shock mount, which can effectively reduce unwanted vibration, cable and handling noise. Also included a furry windproof shield, which specially used for minimizing the wind and environmental noise for outdoor recording, make sure the sound crystal clear. Features 1. Compact on-camera microphone in Plug and play design 2. Compatiable with IOS smartphones, DSLR cameras, Consumer Camcorders, Tablet Mac, PCs etc 3. Rugged metal construction 4. No battery required 5. Professional furry windshield included   Specifications Transducer: Electret Condenser Polar pattern: Cardioid Frequency Response: 35-18KHz +/-3dB Sensitivity: -42dB +/- 1dB / 0dB=1V/Pa, 1kHz Signal to Noise Ratio: 76dB SPL Plug: 3.5mm TRS and TRRS connector Dimensions: Φ22*81mm Net Weight: 86g/0.19 lb Package Included 1* BOYA BY-MM1 Microphone 1* Furry windsheild 1* Shock mount 1* 3.5mm to TRS audio output cable (For cameras, camcorders, audio recorders and other audio/video recording devices) 1* 3.5mm to TRRS audio output cable (For IOS and Android Smartphone, tablet or Mac) 1* COCOMALL Customized Cleaning Cloth Manufactory Original Package"
Electronics,"Teconica ER-5700 1080P Sports Action Camera Ultra HD Waterproof DV Camcorder 16Mp 170 Degree Wide Angle 2''Inch Display Rechargeable Batteries - Black A water-resistant casing that allows you to film fascinating water sports Multiple photo shooting modes: Single shot, Snapper Multiple video recording formats: 1080P 720P WVGA Water-resistant up to 30 meters under water High definition screen that displays and replays fascinating videos recorded Support HDMI HD output function Support web camera function Detachable battery that is easy to replace and prolongs your cameras service life Support Micro SD Card Class 6 or Above up to 32GB. Technical Specifications: Chipset: NTK96650+AR0330 Liquid Crystal Display (LCD): 1.5LTPS Lens: 170Ã‚Â¡A+ HD wide-angle lens. Resolution of Videos Recorded: 1080P (1920*1080 ) 30FPS 720P (1280*720) 60FPS VGA ( 848*480) 60FPS QVGA (640*480) 60FPS Video Format: MOV Compressed Format of Videos: H.264 Resolution of Photos: 12M / 8M / 5M Storage: Support max."
Electronics,"SHOPEE LED 360 Slim Video Light Camera Camcorder Photography with Battery Charger (White) Introduction: The LED-360 is a ultra slim new designed led video light, using surface mounted lamp, looks very attractive and easy to carry. Additional LED lights using for artificial light source, makes photo clear and sharp. It can ensure photo clearer and brighter in case of dark condition. Used as auxiliary light source while outdoor shooting, to"
Electronics,GoPro CHDHX-701-RW Hero7 Camera (Black)
Electronics,"Lowepro Tahoe BP150 Camera Backpack (Black) Colour:Black   An active life needs a focused pack. That's what the Tahoe BP 150 offers. Its customizable and well-padded main compartment and roomy front pocket offer plenty of storage for a day's worth of essential gear, including a tablet. Spacious and adjustable interior features padded dividers to easily customize camera kit. Main compartment features an UltraFlex panel that folds down to create more space for personal gear and less camera gear, or whatever your day calls for. Remove all interior dividers and use Tahoe 150 as a full daypack. Light grey interior makes it easy to locate and store gear. Roomy pocket includes organized storage for daily essentials, plus a protective CradleFit pocket for up to a 10-inch tablet. Subtle and zippered outer pocket offers space for earbuds, pens, keys, smartphone and smaller items. Tall, stretch-mesh pockets accommodate large water bottles or other quick-grab items you want throughout the day. Convenient grab handle provides an extra carry option. Softly padded shoulder straps adjust for a comfortable fit. Weather-resistant materials help safeguard your gear from the elements"
Electronics,"Boya By-M1 Omni Directional Camera Lavalier Condenser Microphone For Canon Nikon Sony iPhone 6 Plus Dslr Camcorder Audio Recorder Color: For DSLR/IOS Overview The BOYA BY-M1 Lavalier Clip-on Omnidirectional Condenser Microphone is designed for video use and provides clear and accurate voice reproduction. Newscaster-style design provides effective omni-directional pickup pattern. The best performance+cost value available for your complete video needs. Unit is extremely lightweight, designed for optimum portability and comfort, and delivers some of the clearest recorded sound you can find. The BY-M1 is not just for cameras, it is also compatible with most smartphones, audio recorders and mobile devices. Microphone performance is much better than most built-in camera microphones: outstanding for interviews, podcasts, dictation, and much more. This microphone is a workhorse, never get caught with mushy, muffled sound again. Windscreen and wind muff are included for use in breezy conditions or while moving at speed. Includes 20-foot audio cable, LR44 700-hour battery, 1/4"" Jack adapter, and Tie-clip for handy mounting. The components fit inside many standard camera cases. Also includes 1-year manufacturer warranty. Specification: Transducer type: Electret Condenser Frequency Range: 65Hz ~ 18KHz Signal / Noise: 74dB SPL Sensitivity: -30dB +/-3dB / 0dB=1V/Pa, 1kHz Output Impedance: 1000 Ohm or less Output Connection: 3.5mm (1/8"") 4-pole gold plug Battery Type: LR44 Dimension: Microphone :18.00mmH x 8.30mmW x 8.30mm Audio Cable: 20.00ft (6.00m) Weight: Microphone : 2.50g Power Module: 18.00g Notes: For Smartphone: Switch off the microphone. Slide the ON/OFF up to OFF/Smartphone. The power is shut down. For DSLR, Camcorders, Audio recorders ect? Switch on the microphone. Slide the ON/OFF up to ON. What's in the box? 1 * BY-M1 Microphone 1 * Lapel Clip 1 * Foam Windscreen 1 * 1/4""(6.5mm) Jack adapter 1 * User Manual (English) 1* LR44 Battery (Included)"